param1 param2 velocity_relative_error second_field_relative_error
1.000000000000000000e+00 1.000000000000000056e-01 8.601703464461383022e-03 9.109047522547522591e-02
1.000000000000000000e+00 1.000000000000000056e-01 4.857682782211661214e-03 7.724786097849839495e-02
1.000000000000000000e+00 1.000000000000000056e-01 1.284237398793297916e-02 6.910334990792772747e-02
1.000000000000000000e+00 1.000000000000000056e-01 9.322352450554965628e-03 4.359731114121070256e-02
1.000000000000000000e+00 1.000000000000000056e-01 1.121110319590542387e-02 4.906955977423275300e-02
1.000000000000000000e+00 1.000000000000000056e-01 6.343825536627009654e-02 1.114918250672425615e-01
1.000000000000000000e+00 1.000000000000000056e-01 1.063312114651958698e-02 5.263401069556695316e-02
1.000000000000000000e+00 1.000000000000000056e-01 1.047723472623435063e-02 5.325061523610149367e-02
1.000000000000000000e+00 1.000000000000000056e-01 1.050407883183478337e-02 5.325522368624920067e-02
1.000000000000000000e+00 1.000000000000000056e-01 6.077125391599988435e-02 1.086399022982398460e-01
2.000000000000000000e+00 1.000000000000000056e-01 8.925133433530470228e-03 9.109046856016617122e-02
2.000000000000000000e+00 1.000000000000000056e-01 3.722822893916766761e-03 7.744871238511755185e-02
2.000000000000000000e+00 1.000000000000000056e-01 8.484311597838998381e-03 4.696557368290389667e-02
2.000000000000000000e+00 1.000000000000000056e-01 1.170031178840848750e-02 5.830748010305344953e-02
2.000000000000000000e+00 1.000000000000000056e-01 1.082049229819596718e-02 6.172649314110478097e-02
2.000000000000000000e+00 1.000000000000000056e-01 1.236334715890526417e-02 5.801954098685998401e-02
2.000000000000000000e+00 1.000000000000000056e-01 9.758605450689012209e-03 6.270547459187417183e-02
2.000000000000000000e+00 1.000000000000000056e-01 8.324665072629557072e-03 6.671384058283434670e-02
2.000000000000000000e+00 1.000000000000000056e-01 8.649973192728352411e-03 6.655624727901927884e-02
2.000000000000000000e+00 1.000000000000000056e-01 8.644465929627797099e-03 6.654814047864933413e-02
3.000000000000000000e+00 1.000000000000000056e-01 9.072700073877833921e-03 9.109049644853711714e-02
3.000000000000000000e+00 1.000000000000000056e-01 9.807910336533099543e-03 8.486272151144584608e-02
3.000000000000000000e+00 1.000000000000000056e-01 1.424935928987660499e-02 4.977553851169753268e-02
3.000000000000000000e+00 1.000000000000000056e-01 1.242336983365265393e-02 7.220832587424724780e-02
3.000000000000000000e+00 1.000000000000000056e-01 3.202868678127165913e-02 7.940547074193939070e-02
3.000000000000000000e+00 1.000000000000000056e-01 1.133921253398906606e-02 5.788122059555157045e-02
3.000000000000000000e+00 1.000000000000000056e-01 1.151264638925687117e-02 6.045550897099703086e-02
3.000000000000000000e+00 1.000000000000000056e-01 8.550668868111441223e-03 6.932391386375690023e-02
3.000000000000000000e+00 1.000000000000000056e-01 8.991873615708434811e-03 6.846138618451236280e-02
3.000000000000000000e+00 1.000000000000000056e-01 8.931289385351984939e-03 6.839206532007108263e-02
4.000000000000000000e+00 1.000000000000000056e-01 9.157065680594565771e-03 9.109046981402543763e-02
4.000000000000000000e+00 1.000000000000000056e-01 3.859259612594758641e-03 7.758641548640876628e-02
4.000000000000000000e+00 1.000000000000000056e-01 6.660312917151415407e-03 4.347763408243508071e-02
4.000000000000000000e+00 1.000000000000000056e-01 1.255264523633497532e-02 8.533449437011773886e-02
4.000000000000000000e+00 1.000000000000000056e-01 1.254929567020123503e-02 5.926571972747207012e-02
4.000000000000000000e+00 1.000000000000000056e-01 1.089459770251969238e-02 5.994152386932425497e-02
4.000000000000000000e+00 1.000000000000000056e-01 1.321887023082423014e-02 5.624757484617852465e-02
4.000000000000000000e+00 1.000000000000000056e-01 6.020011645362545460e-02 1.420460512955446231e-01
4.000000000000000000e+00 1.000000000000000056e-01 1.052929816674832118e-02 6.856198142755377811e-02
4.000000000000000000e+00 1.000000000000000056e-01 5.398344712677107665e-02 1.384175511492998778e-01
5.000000000000000000e+00 1.000000000000000056e-01 9.211658043248138750e-03 9.109059921153866979e-02
5.000000000000000000e+00 1.000000000000000056e-01 4.067174726329981192e-03 7.761832780300099988e-02
5.000000000000000000e+00 1.000000000000000056e-01 6.517403899774303414e-03 4.535470765839388907e-02
5.000000000000000000e+00 1.000000000000000056e-01 1.240215329494707801e-02 9.703142497762323737e-02
5.000000000000000000e+00 1.000000000000000056e-01 4.892743142522626432e-02 6.565158334404870566e-02
5.000000000000000000e+00 1.000000000000000056e-01 1.113782332120711975e-02 6.241810309965460657e-02
5.000000000000000000e+00 1.000000000000000056e-01 1.434911960001647793e-02 5.266812185793678935e-02
5.000000000000000000e+00 1.000000000000000056e-01 1.191185198879292535e-02 6.912658411300484640e-02
5.000000000000000000e+00 1.000000000000000056e-01 1.233159682056809460e-02 6.872530637512776208e-02
5.000000000000000000e+00 1.000000000000000056e-01 1.205752523613582393e-02 6.812149807847016347e-02
6.000000000000000000e+00 1.000000000000000056e-01 9.249871287429899114e-03 9.109047660937072410e-02
6.000000000000000000e+00 1.000000000000000056e-01 4.250222955912008951e-03 7.764022539739112716e-02
6.000000000000000000e+00 1.000000000000000056e-01 5.814614994090771573e-03 4.219315091711229454e-02
6.000000000000000000e+00 1.000000000000000056e-01 3.215086696439854036e-02 1.191803315717633593e-01
6.000000000000000000e+00 1.000000000000000056e-01 1.291908883605046368e-02 4.659783652576993812e-02
6.000000000000000000e+00 1.000000000000000056e-01 4.681934101365764489e-02 1.742304766641084302e-01
6.000000000000000000e+00 1.000000000000000056e-01 5.198291570890174740e-02 1.672545606840820098e-01
6.000000000000000000e+00 1.000000000000000056e-01 1.407419585753426697e-02 6.829619608616080417e-02
6.000000000000000000e+00 1.000000000000000056e-01 1.391819285910849205e-02 6.971954880492127471e-02
6.000000000000000000e+00 1.000000000000000056e-01 4.131313744265047161e-02 1.394954155839458476e-01
7.000000000000000000e+00 1.000000000000000056e-01 9.278114506441103096e-03 9.109054564606075544e-02
7.000000000000000000e+00 1.000000000000000056e-01 4.403972653200033914e-03 7.765659281696679628e-02
7.000000000000000000e+00 1.000000000000000056e-01 5.551597547562649865e-03 4.182242767544526452e-02
7.000000000000000000e+00 1.000000000000000056e-01 1.174817360955334247e-02 1.160480180233677966e-01
7.000000000000000000e+00 1.000000000000000056e-01 1.282162557844374919e-02 4.017520558627284827e-02
7.000000000000000000e+00 1.000000000000000056e-01 1.249358726149441511e-02 6.481726025872651398e-02
7.000000000000000000e+00 1.000000000000000056e-01 1.658283538357474898e-02 4.876195048131828219e-02
7.000000000000000000e+00 1.000000000000000056e-01 1.621168368855865557e-02 6.750509816522522188e-02
7.000000000000000000e+00 1.000000000000000056e-01 1.509824461244965547e-02 7.184907972684259625e-02
7.000000000000000000e+00 1.000000000000000056e-01 1.512641196499376131e-02 7.085152269647737588e-02
8.000000000000000000e+00 1.000000000000000056e-01 9.299839018185986420e-03 9.109046776719142979e-02
8.000000000000000000e+00 1.000000000000000056e-01 6.714784460788944011e-03 7.773222751789074514e-02
8.000000000000000000e+00 1.000000000000000056e-01 5.349546010897116705e-03 4.154460065308523270e-02
8.000000000000000000e+00 1.000000000000000056e-01 1.135702261167326026e-02 1.237113659643137575e-01
8.000000000000000000e+00 1.000000000000000056e-01 1.263467837055957596e-02 3.490523039443753361e-02
8.000000000000000000e+00 1.000000000000000056e-01 1.321690381798936408e-02 6.442772969135947270e-02
8.000000000000000000e+00 1.000000000000000056e-01 2.849841499122914359e-02 1.783598178634749065e-01
8.000000000000000000e+00 1.000000000000000056e-01 5.545395863919434787e-02 1.719117008977641137e-01
8.000000000000000000e+00 1.000000000000000056e-01 1.591698379935139671e-02 7.476763125145026445e-02
8.000000000000000000e+00 1.000000000000000056e-01 1.650241209506518592e-02 7.392494896565712792e-02
9.000000000000000000e+00 1.000000000000000056e-01 9.317068048333557173e-03 9.109048470885709736e-02
9.000000000000000000e+00 1.000000000000000056e-01 4.639918748804118358e-03 7.767900335240415788e-02
9.000000000000000000e+00 1.000000000000000056e-01 6.541076042300855362e-03 4.197756533486188962e-02
9.000000000000000000e+00 1.000000000000000056e-01 1.095931946596717665e-02 1.303972016560073499e-01
9.000000000000000000e+00 1.000000000000000056e-01 1.239552356985644185e-02 3.157304250843414456e-02
9.000000000000000000e+00 1.000000000000000056e-01 1.387222446672886980e-02 6.319301387100355327e-02
9.000000000000000000e+00 1.000000000000000056e-01 2.370626238223043011e-02 1.846010759356891406e-01
9.000000000000000000e+00 1.000000000000000056e-01 1.980393129935474270e-02 6.747008231812040568e-02
9.000000000000000000e+00 1.000000000000000056e-01 1.645175810446900672e-02 7.778292509375432651e-02
9.000000000000000000e+00 1.000000000000000056e-01 3.190547309623837507e-02 1.517737522293538810e-01
1.000000000000000000e+01 1.000000000000000056e-01 9.331066111593757512e-03 9.109046908825443878e-02
1.000000000000000000e+01 1.000000000000000056e-01 4.731064572484888590e-03 7.768701557207613462e-02
1.000000000000000000e+01 1.000000000000000056e-01 6.604808683541347862e-03 4.237202270886013256e-02
1.000000000000000000e+01 1.000000000000000056e-01 1.056806435632634891e-02 1.362658524029825291e-01
1.000000000000000000e+01 1.000000000000000056e-01 1.212636429216822423e-02 3.070647182433492578e-02
1.000000000000000000e+01 1.000000000000000056e-01 1.444309200985127196e-02 6.136000403711382861e-02
1.000000000000000000e+01 1.000000000000000056e-01 2.033556792114898579e-02 5.009471288362991187e-02
1.000000000000000000e+01 1.000000000000000056e-01 2.115083828948610689e-02 6.790705667201227258e-02
1.000000000000000000e+01 1.000000000000000056e-01 3.388610982073332611e-02 1.447875001644416404e-01
1.000000000000000000e+01 1.000000000000000056e-01 1.917230404043899702e-02 8.075617300023767153e-02
1.000000000000000000e+00 1.888888888888889117e-01 1.093897407560688595e-02 1.113089918888851004e-01
1.000000000000000000e+00 1.888888888888889117e-01 3.129912062024314389e-03 7.696591544569804377e-02
1.000000000000000000e+00 1.888888888888889117e-01 7.532474342549435806e-03 5.719967423689603647e-02
1.000000000000000000e+00 1.888888888888889117e-01 6.019623484482403836e-03 4.320040358810185721e-02
1.000000000000000000e+00 1.888888888888889117e-01 7.607104935970838977e-03 4.457481392833669703e-02
1.000000000000000000e+00 1.888888888888889117e-01 7.031369993873593655e-03 3.773818681821133891e-02
1.000000000000000000e+00 1.888888888888889117e-01 4.970875256961641842e-02 8.853489599283322076e-02
1.000000000000000000e+00 1.888888888888889117e-01 5.711699597387110902e-03 3.402563759012722233e-02
1.000000000000000000e+00 1.888888888888889117e-01 5.742706470342810038e-03 3.402810088064776861e-02
1.000000000000000000e+00 1.888888888888889117e-01 5.742710415163328024e-03 3.402811195269146716e-02
2.000000000000000000e+00 1.888888888888889117e-01 1.259807700258940878e-02 1.045312349893630227e-01
2.000000000000000000e+00 1.888888888888889117e-01 3.037909545126472703e-03 7.705877840799237044e-02
2.000000000000000000e+00 1.888888888888889117e-01 5.877125921607784416e-03 5.473910086128731811e-02
2.000000000000000000e+00 1.888888888888889117e-01 7.027522813626964869e-03 6.559838364268340272e-02
2.000000000000000000e+00 1.888888888888889117e-01 7.545606322317454685e-03 5.129925868784552395e-02
2.000000000000000000e+00 1.888888888888889117e-01 6.182676458585777655e-03 4.034856377930348681e-02
2.000000000000000000e+00 1.888888888888889117e-01 5.730998556748750916e-02 9.722463254434603186e-02
2.000000000000000000e+00 1.888888888888889117e-01 3.439548919448374379e-03 3.083191492671544590e-02
2.000000000000000000e+00 1.888888888888889117e-01 3.406285104368308916e-03 3.078702638872658076e-02
2.000000000000000000e+00 1.888888888888889117e-01 3.404084985430612907e-03 3.078233982751875375e-02
3.000000000000000000e+00 1.888888888888889117e-01 8.370754346659962236e-03 9.109056465479357934e-02
3.000000000000000000e+00 1.888888888888889117e-01 3.318788789210937087e-03 7.709613783540614218e-02
3.000000000000000000e+00 1.888888888888889117e-01 4.983880753529958477e-03 5.348770283738200210e-02
3.000000000000000000e+00 1.888888888888889117e-01 7.296771311942853132e-03 8.482572162323558096e-02
3.000000000000000000e+00 1.888888888888889117e-01 2.296707718918951369e-02 7.963731685117207693e-02
3.000000000000000000e+00 1.888888888888889117e-01 7.223357679671279889e-03 4.308102419103920083e-02
3.000000000000000000e+00 1.888888888888889117e-01 6.120279553816416508e-03 2.073069667050889131e-02
3.000000000000000000e+00 1.888888888888889117e-01 5.194028630429751645e-03 2.765179971576737367e-02
3.000000000000000000e+00 1.888888888888889117e-01 4.201545277269264946e-03 2.718845984806908533e-02
3.000000000000000000e+00 1.888888888888889117e-01 3.985230507520169663e-02 8.694311806438966006e-02
4.000000000000000000e+00 1.888888888888889117e-01 1.403117969759119787e-02 9.538314846303458383e-02
4.000000000000000000e+00 1.888888888888889117e-01 3.547436159653187537e-03 7.711521929967958544e-02
4.000000000000000000e+00 1.888888888888889117e-01 4.452206391686259167e-03 5.276161416069952842e-02
4.000000000000000000e+00 1.888888888888889117e-01 7.162123023093890789e-03 1.007840063373752204e-01
4.000000000000000000e+00 1.888888888888889117e-01 7.614169861480645993e-03 3.904161070375702230e-02
4.000000000000000000e+00 1.888888888888889117e-01 8.467472538968762175e-03 4.432888432843523630e-02
4.000000000000000000e+00 1.888888888888889117e-01 4.369944279740059501e-02 1.119845654368861049e-01
4.000000000000000000e+00 1.888888888888889117e-01 7.389411595356993982e-03 2.600903257765523058e-02
4.000000000000000000e+00 1.888888888888889117e-01 5.637404126369605258e-03 2.523665939482766171e-02
4.000000000000000000e+00 1.888888888888889117e-01 5.493332765380638284e-03 2.499726957060991947e-02
5.000000000000000000e+00 1.888888888888889117e-01 8.418337344025927232e-03 9.109049824932470563e-02
5.000000000000000000e+00 1.888888888888889117e-01 3.715286729370394312e-03 7.712761774198906295e-02
5.000000000000000000e+00 1.888888888888889117e-01 4.106267892937016245e-03 5.229051016520658290e-02
5.000000000000000000e+00 1.888888888888889117e-01 6.867600739129124839e-03 1.138838131736011755e-01
5.000000000000000000e+00 1.888888888888889117e-01 7.303706703785865610e-03 3.238080578322331121e-02
5.000000000000000000e+00 1.888888888888889117e-01 2.932811624608915035e-02 1.211239828195211921e-01
5.000000000000000000e+00 1.888888888888889117e-01 3.137414892969628277e-02 1.188984910977322063e-01
5.000000000000000000e+00 1.888888888888889117e-01 9.457077932418875982e-03 2.551571615118531852e-02
5.000000000000000000e+00 1.888888888888889117e-01 7.033461481683680322e-03 2.511060472483944706e-02
5.000000000000000000e+00 1.888888888888889117e-01 6.823087836353059973e-03 2.456674863620849844e-02
6.000000000000000000e+00 1.888888888888889117e-01 1.462205907837241074e-02 9.253828517687585908e-02
6.000000000000000000e+00 1.888888888888889117e-01 3.840374934459467836e-03 7.713608076330534524e-02
6.000000000000000000e+00 1.888888888888889117e-01 3.865975711174671897e-03 5.196078109134053685e-02
6.000000000000000000e+00 1.888888888888889117e-01 6.522332214038953704e-03 1.246757830863296779e-01
6.000000000000000000e+00 1.888888888888889117e-01 3.419561370370704373e-02 5.053404666967206693e-02
6.000000000000000000e+00 1.888888888888889117e-01 1.020646414975535064e-02 4.180360918656383235e-02
6.000000000000000000e+00 1.888888888888889117e-01 9.247067414235711144e-03 1.967569341075481662e-02
6.000000000000000000e+00 1.888888888888889117e-01 1.110036838921255042e-02 2.579306354180513003e-02
6.000000000000000000e+00 1.888888888888889117e-01 8.106738120112587029e-03 2.639509503940403942e-02
6.000000000000000000e+00 1.888888888888889117e-01 7.982501144331499363e-03 2.548492039730472503e-02
7.000000000000000000e+00 1.888888888888889117e-01 8.440149729700932579e-03 9.109057268188194834e-02
7.000000000000000000e+00 1.888888888888889117e-01 3.936294557761825345e-03 7.714224163414083735e-02
7.000000000000000000e+00 1.888888888888889117e-01 3.690700459083211867e-03 5.171753787539697805e-02
7.000000000000000000e+00 1.888888888888889117e-01 6.174802925048026962e-03 1.336505543920187833e-01
7.000000000000000000e+00 1.888888888888889117e-01 3.434929430474059631e-02 4.353811420190861758e-02
7.000000000000000000e+00 1.888888888888889117e-01 1.070998837390040384e-02 3.930934735613845349e-02
7.000000000000000000e+00 1.888888888888889117e-01 1.043748125966621233e-02 2.313401337146752529e-02
7.000000000000000000e+00 1.888888888888889117e-01 1.222319274621146666e-02 2.656734933046863215e-02
7.000000000000000000e+00 1.888888888888889117e-01 8.812772028886292630e-03 2.848508657198767224e-02
7.000000000000000000e+00 1.888888888888889117e-01 8.958296230920627379e-03 2.720530410695415000e-02
8.000000000000000000e+00 1.888888888888889117e-01 1.435874414874326217e-02 1.054613467548483619e-01
8.000000000000000000e+00 1.888888888888889117e-01 4.011867880667605371e-03 7.714688384981922831e-02
8.000000000000000000e+00 1.888888888888889117e-01 3.557929770157410108e-03 5.153093280956429212e-02
8.000000000000000000e+00 1.888888888888889117e-01 1.865426585732234827e-02 2.128412317483015792e-01
8.000000000000000000e+00 1.888888888888889117e-01 6.252088561999038716e-03 3.540977078916029280e-02
8.000000000000000000e+00 1.888888888888889117e-01 1.103833453340078569e-02 3.680841452947818115e-02
8.000000000000000000e+00 1.888888888888889117e-01 1.166859608568431191e-02 2.644425371752897463e-02
8.000000000000000000e+00 1.888888888888889117e-01 3.022537014406705483e-02 1.007797992015117550e-01
8.000000000000000000e+00 1.888888888888889117e-01 2.038291082206614147e-02 9.889126373558936034e-02
8.000000000000000000e+00 1.888888888888889117e-01 9.782767880791439288e-03 2.929481839887953035e-02
9.000000000000000000e+00 1.888888888888889117e-01 8.452664623471424152e-03 9.109046761868698494e-02
9.000000000000000000e+00 1.888888888888889117e-01 4.072817462174293905e-03 7.715053123221699005e-02
9.000000000000000000e+00 1.888888888888889117e-01 3.454291526259809560e-03 5.138291218988669251e-02
9.000000000000000000e+00 1.888888888888889117e-01 5.545117151240570863e-03 1.476136967495367269e-01
9.000000000000000000e+00 1.888888888888889117e-01 5.934314667802808273e-03 4.197863213487944278e-02
9.000000000000000000e+00 1.888888888888889117e-01 5.065096120271726787e-02 1.001657066993795198e-01
9.000000000000000000e+00 1.888888888888889117e-01 1.286270714638007052e-02 2.929844888160541491e-02
9.000000000000000000e+00 1.888888888888889117e-01 1.318673475743924184e-02 2.891082693391784988e-02
9.000000000000000000e+00 1.888888888888889117e-01 9.380165082954951272e-03 3.341087694450519535e-02
9.000000000000000000e+00 1.888888888888889117e-01 1.049446818014564999e-02 3.149677325844604803e-02
1.000000000000000000e+01 1.888888888888889117e-01 1.685025128735384223e-02 9.159046179227085804e-02
1.000000000000000000e+01 1.888888888888889117e-01 4.122952935577323119e-03 7.715348471448867096e-02
1.000000000000000000e+01 1.888888888888889117e-01 5.691640595850662628e-03 7.947462629851595461e-02
1.000000000000000000e+01 1.888888888888889117e-01 1.808476960198143746e-02 2.908405370642261345e-01
1.000000000000000000e+01 1.888888888888889117e-01 5.639574790575962830e-03 4.913142779456195625e-02
1.000000000000000000e+01 1.888888888888889117e-01 1.133520315320004322e-02 3.361594768669440986e-02
1.000000000000000000e+01 1.888888888888889117e-01 1.397692508027868590e-02 3.162838194075758003e-02
1.000000000000000000e+01 1.888888888888889117e-01 1.325800260192406925e-02 3.025423342360297405e-02
1.000000000000000000e+01 1.888888888888889117e-01 9.412003961925831039e-03 3.583212022833549143e-02
1.000000000000000000e+01 1.888888888888889117e-01 1.112653521853581608e-02 3.368192816866127925e-02
1.000000000000000000e+00 2.777777777777777901e-01 1.218741359798185091e-02 1.119693836790991714e-01
1.000000000000000000e+00 2.777777777777777901e-01 2.686009368518919860e-03 7.678581706425730014e-02
1.000000000000000000e+00 2.777777777777777901e-01 5.815457054441999958e-03 6.149399558580702363e-02
1.000000000000000000e+00 2.777777777777777901e-01 4.693840231943243596e-03 4.446730115811629164e-02
1.000000000000000000e+00 2.777777777777777901e-01 5.999482882860117904e-03 4.255966260978427673e-02
1.000000000000000000e+00 2.777777777777777901e-01 4.717345138313086203e-03 3.185512354535067342e-02
1.000000000000000000e+00 2.777777777777777901e-01 4.445712969642675282e-03 2.506488539139663588e-02
1.000000000000000000e+00 2.777777777777777901e-01 4.618191418280954801e-03 2.600240800654602877e-02
1.000000000000000000e+00 2.777777777777777901e-01 4.642983239865218666e-03 2.600906340781782358e-02
1.000000000000000000e+00 2.777777777777777901e-01 4.642991815546204312e-03 2.600924649721611526e-02
2.000000000000000000e+00 2.777777777777777901e-01 8.009941107637183477e-03 9.109057963216063425e-02
2.000000000000000000e+00 2.777777777777777901e-01 2.980938939493433821e-03 7.683307200284876515e-02
2.000000000000000000e+00 2.777777777777777901e-01 5.257008476598347239e-03 6.943070283693905664e-02
2.000000000000000000e+00 2.777777777777777901e-01 4.646267170497236920e-03 7.061597359815019459e-02
2.000000000000000000e+00 2.777777777777777901e-01 5.816956082269984958e-03 4.627353578214858654e-02
2.000000000000000000e+00 2.777777777777777901e-01 4.918343565704151425e-03 3.742249529289348037e-02
2.000000000000000000e+00 2.777777777777777901e-01 4.772006183075284610e-03 2.079970603834707665e-02
2.000000000000000000e+00 2.777777777777777901e-01 5.289534211751864556e-03 2.219228736561708326e-02
2.000000000000000000e+00 2.777777777777777901e-01 5.081759320241464352e-03 2.243375653218700888e-02
2.000000000000000000e+00 2.777777777777777901e-01 5.083090686541981429e-03 2.243493110874923702e-02
3.000000000000000000e+00 2.777777777777777901e-01 8.033074920336710778e-03 9.109060336476364206e-02
3.000000000000000000e+00 2.777777777777777901e-01 3.247824601752641056e-03 7.685139704493866575e-02
3.000000000000000000e+00 2.777777777777777901e-01 3.663672674331791123e-03 6.038850053359879483e-02
3.000000000000000000e+00 2.777777777777777901e-01 4.629698446992996236e-03 9.182123689132776212e-02
3.000000000000000000e+00 2.777777777777777901e-01 5.511219921873452068e-03 3.997538620364765594e-02
3.000000000000000000e+00 2.777777777777777901e-01 1.483754701723656068e-02 1.011454534953406120e-01
3.000000000000000000e+00 2.777777777777777901e-01 6.124795755844784050e-03 2.269290017552384048e-02
3.000000000000000000e+00 2.777777777777777901e-01 7.170415562103119554e-03 2.083418920142745753e-02
3.000000000000000000e+00 2.777777777777777901e-01 6.066441133986947946e-03 2.123749214339208310e-02
3.000000000000000000e+00 2.777777777777777901e-01 6.056526921729948020e-03 2.123683116887633768e-02
4.000000000000000000e+00 2.777777777777777901e-01 8.045337494074131929e-03 9.109054625812844364e-02
4.000000000000000000e+00 2.777777777777777901e-01 3.419708573116483127e-03 7.686060339411734943e-02
4.000000000000000000e+00 2.777777777777777901e-01 3.271193461725135487e-03 6.012773823591142236e-02
4.000000000000000000e+00 2.777777777777777901e-01 1.770732437455442218e-02 1.161147200741323438e-01
4.000000000000000000e+00 2.777777777777777901e-01 5.072924989096161234e-03 3.422989544283492475e-02
4.000000000000000000e+00 2.777777777777777901e-01 1.686505040056016438e-02 1.071490025316643030e-01
4.000000000000000000e+00 2.777777777777777901e-01 6.765556413697130199e-03 2.631970200494913870e-02
4.000000000000000000e+00 2.777777777777777901e-01 2.665515213934039826e-02 5.690237644651389287e-02
4.000000000000000000e+00 2.777777777777777901e-01 6.643530042810999459e-03 2.154304363957506782e-02
4.000000000000000000e+00 2.777777777777777901e-01 6.554207764644496420e-03 2.154237364558952289e-02
5.000000000000000000e+00 2.777777777777777901e-01 8.052933504701924317e-03 9.109051181424404620e-02
5.000000000000000000e+00 2.777777777777777901e-01 3.535722320148758455e-03 7.686648577446976438e-02
5.000000000000000000e+00 2.777777777777777901e-01 3.024610429048121742e-03 5.995428867991621502e-02
5.000000000000000000e+00 2.777777777777777901e-01 4.218055897295500123e-03 1.219191742435225545e-01
5.000000000000000000e+00 2.777777777777777901e-01 4.672703546539860517e-03 3.314053380173911934e-02
5.000000000000000000e+00 2.777777777777777901e-01 8.075483534798904434e-03 3.341307447307882705e-02
5.000000000000000000e+00 2.777777777777777901e-01 7.398144017693915504e-03 2.949337763248987415e-02
5.000000000000000000e+00 2.777777777777777901e-01 9.861401135012338656e-03 2.319802970001613382e-02
5.000000000000000000e+00 2.777777777777777901e-01 7.013767036402785045e-03 2.251176326829984822e-02
5.000000000000000000e+00 2.777777777777777901e-01 6.801149986393308436e-03 2.250274256468797959e-02
6.000000000000000000e+00 2.777777777777777901e-01 8.058101102842971791e-03 9.109047181963768336e-02
6.000000000000000000e+00 2.777777777777777901e-01 3.618545860051104908e-03 7.687038063849672975e-02
6.000000000000000000e+00 2.777777777777777901e-01 6.327264235457677639e-03 5.992869535147180710e-02
6.000000000000000000e+00 2.777777777777777901e-01 4.001018273466193549e-03 1.326491700881445857e-01
6.000000000000000000e+00 2.777777777777777901e-01 4.347084160520876296e-03 3.698785550671921524e-02
6.000000000000000000e+00 2.777777777777777901e-01 8.332131830685910248e-03 2.975695114144052619e-02
6.000000000000000000e+00 2.777777777777777901e-01 9.911553537827740706e-03 9.343284696828084435e-02
6.000000000000000000e+00 2.777777777777777901e-01 1.044787263389454143e-02 2.514842625509797203e-02
6.000000000000000000e+00 2.777777777777777901e-01 7.217607185618185768e-03 2.381637684147925801e-02
6.000000000000000000e+00 2.777777777777777901e-01 6.917159599428145990e-03 2.375135924455712075e-02
7.000000000000000000e+00 2.777777777777777901e-01 1.679177117895099339e-02 1.261632319539414127e-01
7.000000000000000000e+00 2.777777777777777901e-01 3.680423839572515617e-03 7.687324524294769645e-02
7.000000000000000000e+00 2.777777777777777901e-01 4.123591152800348131e-03 8.311660834032988387e-02
7.000000000000000000e+00 2.777777777777777901e-01 3.815193672478789811e-03 1.414205610397809287e-01
7.000000000000000000e+00 2.777777777777777901e-01 4.092645027558059791e-03 4.369530522210517826e-02
7.000000000000000000e+00 2.777777777777777901e-01 8.409788291810514627e-03 2.707612187884087321e-02
7.000000000000000000e+00 2.777777777777777901e-01 9.129530156042404976e-03 3.304457600704426012e-02
7.000000000000000000e+00 2.777777777777777901e-01 1.060480079327865734e-02 2.710488180342731854e-02
7.000000000000000000e+00 2.777777777777777901e-01 7.296829378170380763e-03 2.531431026440808182e-02
7.000000000000000000e+00 2.777777777777777901e-01 7.002612314560263326e-03 2.512301555395951916e-02
8.000000000000000000e+00 2.777777777777777901e-01 8.064680331661439050e-03 9.109050074311479672e-02
8.000000000000000000e+00 2.777777777777777901e-01 7.566443716808706095e-03 7.694808496710002499e-02
8.000000000000000000e+00 2.777777777777777901e-01 2.648193198042513886e-03 5.966832177315330860e-02
8.000000000000000000e+00 2.777777777777777901e-01 3.665035086503024876e-03 1.486981743591380134e-01
8.000000000000000000e+00 2.777777777777777901e-01 3.898131693082894020e-03 5.144386985837740706e-02
8.000000000000000000e+00 2.777777777777777901e-01 8.377942777807668301e-03 2.620311915543192122e-02
8.000000000000000000e+00 2.777777777777777901e-01 1.005061258743126379e-02 3.358518400330250120e-02
8.000000000000000000e+00 2.777777777777777901e-01 1.048386341219108113e-02 2.895365727426820607e-02
8.000000000000000000e+00 2.777777777777777901e-01 7.307533911049604418e-03 2.691628017024895458e-02
8.000000000000000000e+00 2.777777777777777901e-01 7.140322429408492433e-03 2.653825719557470833e-02
9.000000000000000000e+00 2.777777777777777901e-01 8.066903976075529697e-03 9.109047374320854151e-02
9.000000000000000000e+00 2.777777777777777901e-01 3.766486196155314093e-03 7.687713075367838544e-02
9.000000000000000000e+00 2.777777777777777901e-01 2.579097981602844394e-03 5.961190495416600343e-02
9.000000000000000000e+00 2.777777777777777901e-01 3.548703467396194505e-03 1.548194866559600147e-01
9.000000000000000000e+00 2.777777777777777901e-01 3.752490658453859831e-03 5.930223806423688682e-02
9.000000000000000000e+00 2.777777777777777901e-01 8.279220922333871066e-03 2.743045356916795283e-02
9.000000000000000000e+00 2.777777777777777901e-01 1.091115898636794285e-02 3.352259520562993200e-02
9.000000000000000000e+00 2.777777777777777901e-01 1.023006021876417607e-02 3.064945531355319983e-02
9.000000000000000000e+00 2.777777777777777901e-01 7.302538117198757554e-03 2.855689211592495752e-02
9.000000000000000000e+00 2.777777777777777901e-01 7.386471675686222607e-03 2.796232134481361695e-02
1.000000000000000000e+01 2.777777777777777901e-01 1.501777369815392171e-02 1.083764996616239928e-01
1.000000000000000000e+01 2.777777777777777901e-01 3.797575620384885040e-03 7.687849276435072821e-02
1.000000000000000000e+01 2.777777777777777901e-01 2.524317997040664754e-03 5.956584138433476672e-02
1.000000000000000000e+01 2.777777777777777901e-01 1.242760927802889943e-02 2.695610873613924485e-01
1.000000000000000000e+01 2.777777777777777901e-01 2.317624549141735629e-02 1.017888285674593413e-01
1.000000000000000000e+01 2.777777777777777901e-01 8.140156883564807211e-03 3.043016465659693567e-02
1.000000000000000000e+01 2.777777777777777901e-01 1.168232552796861536e-02 3.301765033658007192e-02
1.000000000000000000e+01 2.777777777777777901e-01 9.962748022349327687e-03 3.217522025850203665e-02
1.000000000000000000e+01 2.777777777777777901e-01 7.321002822039025457e-03 3.018902934710644345e-02
1.000000000000000000e+01 2.777777777777777901e-01 7.765921214579668552e-03 2.938533852434986951e-02
1.000000000000000000e+00 3.666666666666666963e-01 7.801731226392040648e-03 9.109062916247667729e-02
1.000000000000000000e+00 3.666666666666666963e-01 2.648300717495926954e-03 7.665986853088073427e-02
1.000000000000000000e+00 3.666666666666666963e-01 4.968143880160053732e-03 8.020943126708691973e-02
1.000000000000000000e+00 3.666666666666666963e-01 4.376264206021742570e-03 4.602158349043843771e-02
1.000000000000000000e+00 3.666666666666666963e-01 5.551851990510879922e-03 4.155818817394558995e-02
1.000000000000000000e+00 3.666666666666666963e-01 3.034776310130793062e-02 8.365840339589857011e-02
1.000000000000000000e+00 3.666666666666666963e-01 4.914974325826374467e-03 2.310910225206964236e-02
1.000000000000000000e+00 3.666666666666666963e-01 3.130167060573233601e-02 6.921082811596797335e-02
1.000000000000000000e+00 3.666666666666666963e-01 5.173208006572750477e-03 2.398521223042519163e-02
1.000000000000000000e+00 3.666666666666666963e-01 5.173213716681467934e-03 2.398532807365260158e-02
2.000000000000000000e+00 3.666666666666666963e-01 1.674489388687699226e-02 9.630598449315629084e-02
2.000000000000000000e+00 3.666666666666666963e-01 3.009926255111619337e-03 7.668546458728195403e-02
2.000000000000000000e+00 3.666666666666666963e-01 5.799912608961680510e-03 6.706741299446106197e-02
2.000000000000000000e+00 3.666666666666666963e-01 3.690582904732242226e-03 7.394449308095799034e-02
2.000000000000000000e+00 3.666666666666666963e-01 5.162703755256899812e-03 4.398188366962759582e-02
2.000000000000000000e+00 3.666666666666666963e-01 4.849658166482065727e-03 3.670565754755015370e-02
2.000000000000000000e+00 3.666666666666666963e-01 5.469634108298217744e-03 2.592401084817612736e-02
2.000000000000000000e+00 3.666666666666666963e-01 6.246808551189908347e-03 2.468321901082367112e-02
2.000000000000000000e+00 3.666666666666666963e-01 6.011174715402204695e-03 2.499892063788222360e-02
2.000000000000000000e+00 3.666666666666666963e-01 6.012139333525919234e-03 2.500218324224630362e-02
3.000000000000000000e+00 3.666666666666666963e-01 7.841776839388185649e-03 9.109046765732874140e-02
3.000000000000000000e+00 3.666666666666666963e-01 3.220290360181604812e-03 7.669524503264968374e-02
3.000000000000000000e+00 3.666666666666666963e-01 2.838164764299276870e-03 6.543592910106263427e-02
3.000000000000000000e+00 3.666666666666666963e-01 3.536452682117482548e-03 9.607685206520337473e-02
3.000000000000000000e+00 3.666666666666666963e-01 4.708235100797167338e-03 3.858913184877484082e-02
3.000000000000000000e+00 3.666666666666666963e-01 1.079854430597641628e-02 9.234104686170864495e-02
3.000000000000000000e+00 3.666666666666666963e-01 6.021938427179648542e-03 3.107799556973455182e-02
3.000000000000000000e+00 3.666666666666666963e-01 7.361053695942767171e-03 2.488645111119644482e-02
3.000000000000000000e+00 3.666666666666666963e-01 6.229490023312938239e-03 2.527672827786610690e-02
3.000000000000000000e+00 3.666666666666666963e-01 6.215835187735010980e-03 2.529651611471358738e-02
4.000000000000000000e+00 3.666666666666666963e-01 7.847421076974964854e-03 9.109046955893117248e-02
4.000000000000000000e+00 3.666666666666666963e-01 3.344658816566973680e-03 7.669975307832045675e-02
4.000000000000000000e+00 3.666666666666666963e-01 6.257898153118468011e-03 6.655428335405684515e-02
4.000000000000000000e+00 3.666666666666666963e-01 3.425225341640254773e-03 1.131854405862760954e-01
4.000000000000000000e+00 3.666666666666666963e-01 4.335422334006597787e-03 3.652194294433566690e-02
4.000000000000000000e+00 3.666666666666666963e-01 6.436662472329060525e-03 3.096581272065431281e-02
4.000000000000000000e+00 3.666666666666666963e-01 1.520461668868619901e-02 6.844792339580492435e-02
4.000000000000000000e+00 3.666666666666666963e-01 8.105757338190916136e-03 2.544674360447680972e-02
4.000000000000000000e+00 3.666666666666666963e-01 1.114655313018120264e-02 3.678843452269173198e-02
4.000000000000000000e+00 3.666666666666666963e-01 5.859413104598521632e-03 2.500697537927181607e-02
5.000000000000000000e+00 3.666666666666666963e-01 7.850885660691468704e-03 9.109054465229997344e-02
5.000000000000000000e+00 3.666666666666666963e-01 3.425661393023601928e-03 7.670287206771458921e-02
5.000000000000000000e+00 3.666666666666666963e-01 2.397262682841295491e-03 6.547447573082502970e-02
5.000000000000000000e+00 3.666666666666666963e-01 1.384325754259143129e-02 1.403343611145515257e-01
5.000000000000000000e+00 3.666666666666666963e-01 4.099645391107848216e-03 3.983389928423712589e-02
5.000000000000000000e+00 3.666666666666666963e-01 1.889065951865047041e-02 8.477883653403342490e-02
5.000000000000000000e+00 3.666666666666666963e-01 6.629142803573165668e-03 3.595683140276843132e-02
5.000000000000000000e+00 3.666666666666666963e-01 8.453522182463748744e-03 2.648083495881111901e-02
5.000000000000000000e+00 3.666666666666666963e-01 5.701571459585802470e-03 2.445462029969860951e-02
5.000000000000000000e+00 3.666666666666666963e-01 5.396994046694145522e-03 2.450705340961516210e-02
6.000000000000000000e+00 3.666666666666666963e-01 7.853228547009578550e-03 9.109046892610041246e-02
6.000000000000000000e+00 3.666666666666666963e-01 3.482370695358496301e-03 7.670472422034628479e-02
6.000000000000000000e+00 3.666666666666666963e-01 2.288540260100173970e-03 6.547887787327283382e-02
6.000000000000000000e+00 3.666666666666666963e-01 3.310113190655667847e-03 1.371860128268784784e-01
6.000000000000000000e+00 3.666666666666666963e-01 3.972984196544536439e-03 4.658622826175108644e-02
6.000000000000000000e+00 3.666666666666666963e-01 6.561902289752456069e-03 2.229266273567623302e-02
6.000000000000000000e+00 3.666666666666666963e-01 7.182669734828839303e-03 3.605801731789847614e-02
6.000000000000000000e+00 3.666666666666666963e-01 8.477419766582627164e-03 2.773408779462118931e-02
6.000000000000000000e+00 3.666666666666666963e-01 1.238509949264748888e-02 4.063961331078989880e-02
6.000000000000000000e+00 3.666666666666666963e-01 5.118141145260639117e-03 2.405027726507884961e-02
7.000000000000000000e+00 3.666666666666666963e-01 7.854918425146297303e-03 9.109049530260568406e-02
7.000000000000000000e+00 3.666666666666666963e-01 3.524218437649437492e-03 7.670615718410707384e-02
7.000000000000000000e+00 3.666666666666666963e-01 2.212648522033467454e-03 6.548055587185842852e-02
7.000000000000000000e+00 3.666666666666666963e-01 3.301688282261169838e-03 1.457960074700311026e-01
7.000000000000000000e+00 3.666666666666666963e-01 1.860015727349092346e-02 7.282712419535955495e-02
7.000000000000000000e+00 3.666666666666666963e-01 6.446997299646395688e-03 2.176991965338953214e-02
7.000000000000000000e+00 3.666666666666666963e-01 7.802568638200985292e-03 3.520853435522535574e-02
7.000000000000000000e+00 3.666666666666666963e-01 8.332821769059074041e-03 2.898440545330943294e-02
7.000000000000000000e+00 3.666666666666666963e-01 5.685236338601762709e-03 2.425619720390554540e-02
7.000000000000000000e+00 3.666666666666666963e-01 5.207999382552638487e-03 2.379741329288436597e-02
8.000000000000000000e+00 3.666666666666666963e-01 1.555884800125379580e-02 9.112894853120784289e-02
8.000000000000000000e+00 3.666666666666666963e-01 3.556342816650671663e-03 7.670724836100167865e-02
8.000000000000000000e+00 3.666666666666666963e-01 2.157137361840643329e-03 6.548108518798506639e-02
8.000000000000000000e+00 3.666666666666666963e-01 3.316069605028291838e-03 1.528879959051696880e-01
8.000000000000000000e+00 3.666666666666666963e-01 3.917850672861482308e-03 6.280374767577173722e-02
8.000000000000000000e+00 3.666666666666666963e-01 6.291838326897452802e-03 2.448165675514715062e-02
8.000000000000000000e+00 3.666666666666666963e-01 8.401972680910580263e-03 3.375897796261961847e-02
8.000000000000000000e+00 3.666666666666666963e-01 8.170202804475565697e-03 3.010886841779114587e-02
8.000000000000000000e+00 3.666666666666666963e-01 5.974641793840921970e-03 2.480012230500109119e-02
8.000000000000000000e+00 3.666666666666666963e-01 5.702213734323971668e-03 2.384930374085953569e-02
9.000000000000000000e+00 3.666666666666666963e-01 7.857193917348310325e-03 9.109047625063475262e-02
9.000000000000000000e+00 3.666666666666666963e-01 3.581769348853244741e-03 7.670810852574327932e-02
9.000000000000000000e+00 3.666666666666666963e-01 6.874652966820503190e-03 6.753152860672372026e-02
9.000000000000000000e+00 3.666666666666666963e-01 3.346125141260933213e-03 1.588186470297617836e-01
9.000000000000000000e+00 3.666666666666666963e-01 1.793915744422104955e-02 1.036283367528534755e-01
9.000000000000000000e+00 3.666666666666666963e-01 6.121962387404654253e-03 2.930185272229968510e-02
9.000000000000000000e+00 3.666666666666666963e-01 8.937663434164943785e-03 3.198314431697459048e-02
9.000000000000000000e+00 3.666666666666666963e-01 8.099777046450998275e-03 3.105571410858754336e-02
9.000000000000000000e+00 3.666666666666666963e-01 6.409588657574735900e-03 2.572230734668459404e-02
9.000000000000000000e+00 3.666666666666666963e-01 2.645221204542400756e-02 5.231299094606290528e-02
1.000000000000000000e+01 3.666666666666666963e-01 7.857995689989369023e-03 9.109046797931248662e-02
1.000000000000000000e+01 3.666666666666666963e-01 3.602388364918659297e-03 7.670878809368840423e-02
1.000000000000000000e+01 3.666666666666666963e-01 6.921966686252319610e-03 6.774249929877397547e-02
1.000000000000000000e+01 3.666666666666666963e-01 3.386294913809696511e-03 1.638448392428830114e-01
1.000000000000000000e+01 3.666666666666666963e-01 3.992518419715099937e-03 7.795884774764297309e-02
1.000000000000000000e+01 3.666666666666666963e-01 5.951080893414482237e-03 3.510544775117638988e-02
1.000000000000000000e+01 3.666666666666666963e-01 9.395016443496250966e-03 3.010307136119600227e-02
1.000000000000000000e+01 3.666666666666666963e-01 1.674928536891162265e-02 5.438052815789082284e-02
1.000000000000000000e+01 3.666666666666666963e-01 6.939465274928669804e-03 2.691416764374951823e-02
1.000000000000000000e+01 3.666666666666666963e-01 7.501205962954462202e-03 2.504951005335337433e-02
1.000000000000000000e+00 4.555555555555556024e-01 7.702048919971689507e-03 9.109059742559878770e-02
1.000000000000000000e+00 4.555555555555556024e-01 2.726146994079999778e-03 7.656792280387947347e-02
1.000000000000000000e+00 4.555555555555556024e-01 4.934923549966747404e-03 8.449467498307601521e-02
1.000000000000000000e+00 4.555555555555556024e-01 4.505435271625410874e-03 4.758725516469902717e-02
1.000000000000000000e+00 4.555555555555556024e-01 9.711418925706519559e-03 7.567691560987416244e-02
1.000000000000000000e+00 4.555555555555556024e-01 4.830255298630549421e-03 3.015914266787705564e-02
1.000000000000000000e+00 4.555555555555556024e-01 5.550374172401074599e-03 2.420770246013326937e-02
1.000000000000000000e+00 4.555555555555556024e-01 2.462066906281119155e-02 6.605200569956794221e-02
1.000000000000000000e+00 4.555555555555556024e-01 2.462074162853479520e-02 6.605755108445680868e-02
1.000000000000000000e+00 4.555555555555556024e-01 2.462072598498092277e-02 6.605754800084454037e-02
2.000000000000000000e+00 4.555555555555556024e-01 1.687566847764023978e-02 9.716603389364301957e-02
2.000000000000000000e+00 4.555555555555556024e-01 3.050699287174096167e-03 7.658189382774562015e-02
2.000000000000000000e+00 4.555555555555556024e-01 4.752378308538349194e-03 6.999458908192786322e-02
2.000000000000000000e+00 4.555555555555556024e-01 3.645043307919271398e-03 7.629575287693703134e-02
2.000000000000000000e+00 4.555555555555556024e-01 5.229095975719615791e-03 4.322570098917595527e-02
2.000000000000000000e+00 4.555555555555556024e-01 4.967526743473533492e-03 3.634136015846215623e-02
2.000000000000000000e+00 4.555555555555556024e-01 2.299346196282878868e-02 5.895190032561604954e-02
2.000000000000000000e+00 4.555555555555556024e-01 6.092089437203306729e-03 2.833552963249554371e-02
2.000000000000000000e+00 4.555555555555556024e-01 5.845101120463260143e-03 2.855147898600143494e-02
2.000000000000000000e+00 4.555555555555556024e-01 5.845312441193756085e-03 2.855387188262189374e-02
3.000000000000000000e+00 4.555555555555556024e-01 7.721937310712501633e-03 9.109050073455414454e-02
3.000000000000000000e+00 4.555555555555556024e-01 3.209028353668856842e-03 7.658706581079034736e-02
3.000000000000000000e+00 4.555555555555556024e-01 2.333289713145548800e-03 6.907413251895991313e-02
3.000000000000000000e+00 4.555555555555556024e-01 3.485945644523507757e-03 9.894566862035224231e-02
3.000000000000000000e+00 4.555555555555556024e-01 4.859095082397097733e-03 3.959671182798707445e-02
3.000000000000000000e+00 4.555555555555556024e-01 5.453021268208759625e-03 3.279152762666066173e-02
3.000000000000000000e+00 4.555555555555556024e-01 1.562225462694328756e-02 5.787136000736896324e-02
3.000000000000000000e+00 4.555555555555556024e-01 6.264376704794251058e-03 2.806680044796257614e-02
3.000000000000000000e+00 4.555555555555556024e-01 5.091880583320668695e-03 2.793149622744438634e-02
3.000000000000000000e+00 4.555555555555556024e-01 1.007704132815739201e-02 3.279435026441913925e-02
4.000000000000000000e+00 4.555555555555556024e-01 1.544326828946613640e-02 9.433302128214259008e-02
4.000000000000000000e+00 4.555555555555556024e-01 3.298634644526495484e-03 7.658938658549244161e-02
4.000000000000000000e+00 4.555555555555556024e-01 2.160539727899096415e-03 6.926993098721159758e-02
4.000000000000000000e+00 4.555555555555556024e-01 3.469430842084984552e-03 1.162500758983229521e-01
4.000000000000000000e+00 4.555555555555556024e-01 4.655174165962398108e-03 4.058620152502503270e-02
4.000000000000000000e+00 4.555555555555556024e-01 5.587924299822253152e-03 2.643628311151210303e-02
4.000000000000000000e+00 4.555555555555556024e-01 8.548000274426136372e-03 5.819476011609244631e-02
4.000000000000000000e+00 4.555555555555556024e-01 9.503384748077096933e-03 2.787792487680622322e-02
4.000000000000000000e+00 4.555555555555556024e-01 4.215329829106218007e-03 2.571129583695607249e-02
4.000000000000000000e+00 4.555555555555556024e-01 5.881839898892936465e-03 2.587561729170283556e-02
5.000000000000000000e+00 4.555555555555556024e-01 7.726304881779287419e-03 9.109059312504232120e-02
5.000000000000000000e+00 4.555555555555556024e-01 3.355851420295195755e-03 7.659098648226833617e-02
5.000000000000000000e+00 4.555555555555556024e-01 2.062634289970099403e-03 6.938673342771019270e-02
5.000000000000000000e+00 4.555555555555556024e-01 3.507050206663242780e-03 1.296385574651539863e-01
5.000000000000000000e+00 4.555555555555556024e-01 4.581205918871210543e-03 4.625973533610609062e-02
5.000000000000000000e+00 4.555555555555556024e-01 1.512688917791440817e-02 7.602801133476942697e-02
5.000000000000000000e+00 4.555555555555556024e-01 6.100110444472215711e-03 5.787098180951998766e-02
5.000000000000000000e+00 4.555555555555556024e-01 6.423086110387793250e-03 2.695644309815887346e-02
5.000000000000000000e+00 4.555555555555556024e-01 3.892336584960081822e-03 2.326282007897522222e-02
5.000000000000000000e+00 4.555555555555556024e-01 3.542639109481330456e-03 2.312320428421254376e-02
6.000000000000000000e+00 4.555555555555556024e-01 7.727418301537989677e-03 9.109046778977752945e-02
6.000000000000000000e+00 4.555555555555556024e-01 3.395462007865447142e-03 7.659197087631951228e-02
6.000000000000000000e+00 4.555555555555556024e-01 2.001365953526474534e-03 6.946421908765787467e-02
6.000000000000000000e+00 4.555555555555556024e-01 3.569823892859928967e-03 1.402044541914392872e-01
6.000000000000000000e+00 4.555555555555556024e-01 1.507076109811241599e-02 6.681312294662584972e-02
6.000000000000000000e+00 4.555555555555556024e-01 5.429465940238739803e-03 1.884941536954287331e-02
6.000000000000000000e+00 4.555555555555556024e-01 5.821529339963934374e-03 3.638318353619011264e-02
6.000000000000000000e+00 4.555555555555556024e-01 6.462733865681627964e-03 2.689298750900340554e-02
6.000000000000000000e+00 4.555555555555556024e-01 1.402614958921498747e-02 3.433987412500221631e-02
6.000000000000000000e+00 4.555555555555556024e-01 3.922486101029754209e-03 2.076721733764455222e-02
7.000000000000000000e+00 4.555555555555556024e-01 7.728219531093159615e-03 9.109058888824776712e-02
7.000000000000000000e+00 4.555555555555556024e-01 7.857895652619531490e-03 7.661057044395361282e-02
7.000000000000000000e+00 4.555555555555556024e-01 1.960193658054999646e-03 6.951941212654008662e-02
7.000000000000000000e+00 4.555555555555556024e-01 3.643630090871591200e-03 1.487112349637744468e-01
7.000000000000000000e+00 4.555555555555556024e-01 4.630222841469877962e-03 6.255103102142037241e-02
7.000000000000000000e+00 4.555555555555556024e-01 5.296308475539216083e-03 2.147864513430972414e-02
7.000000000000000000e+00 4.555555555555556024e-01 6.186168135932821124e-03 3.427782311921990371e-02
7.000000000000000000e+00 4.555555555555556024e-01 1.127049727227910116e-02 4.365808177917863964e-02
7.000000000000000000e+00 4.555555555555556024e-01 5.141812253678068947e-03 2.045038873104409322e-02
7.000000000000000000e+00 4.555555555555556024e-01 4.972257447753793136e-03 1.908293544932060729e-02
8.000000000000000000e+00 4.555555555555556024e-01 7.728823486974018518e-03 9.109048907939548689e-02
8.000000000000000000e+00 4.555555555555556024e-01 3.446645172487693750e-03 7.659333026714505721e-02
8.000000000000000000e+00 4.555555555555556024e-01 7.067275552164247084e-03 7.051190693841728752e-02
8.000000000000000000e+00 4.555555555555556024e-01 3.720852491055522387e-03 1.556861537391590888e-01
8.000000000000000000e+00 4.555555555555556024e-01 4.697553968638790850e-03 7.070759445822548395e-02
8.000000000000000000e+00 4.555555555555556024e-01 1.998684766497584725e-02 5.839224085548692933e-02
8.000000000000000000e+00 4.555555555555556024e-01 6.530747974922553219e-03 3.192124399289544834e-02
8.000000000000000000e+00 4.555555555555556024e-01 1.385975929418720165e-02 4.736493912522665023e-02
8.000000000000000000e+00 4.555555555555556024e-01 6.147334802679519164e-03 2.056751597104283444e-02
8.000000000000000000e+00 4.555555555555556024e-01 6.288497313338438192e-03 1.837589534319210988e-02
9.000000000000000000e+00 4.555555555555556024e-01 1.890951850727668263e-02 3.603036849892434779e-01
9.000000000000000000e+00 4.555555555555556024e-01 5.158522347594660107e-03 4.149233713254357747e-01
9.000000000000000000e+00 4.555555555555556024e-01 2.728533038830570703e-03 3.844962307819333458e-01
9.000000000000000000e+00 4.555555555555556024e-01 3.797373914520604365e-03 1.614977137350313841e-01
9.000000000000000000e+00 4.555555555555556024e-01 4.775050128950576213e-03 7.833490058199041317e-02
9.000000000000000000e+00 4.555555555555556024e-01 2.052941731959855021e-02 5.457416659382407359e-02
9.000000000000000000e+00 4.555555555555556024e-01 6.827201540150994868e-03 2.962590375972343204e-02
9.000000000000000000e+00 4.555555555555556024e-01 7.227428002886940837e-03 2.706848530329493754e-02
9.000000000000000000e+00 4.555555555555556024e-01 7.167449811605114060e-03 2.152362623264272509e-02
9.000000000000000000e+00 4.555555555555556024e-01 7.656953932653040064e-03 1.877636798592254366e-02
1.000000000000000000e+01 4.555555555555556024e-01 7.729673581412783642e-03 9.109046864181313818e-02
1.000000000000000000e+01 4.555555555555556024e-01 3.478253003534961980e-03 7.659408837888147248e-02
1.000000000000000000e+01 4.555555555555556024e-01 1.893027079584357801e-03 6.961829413926723387e-02
1.000000000000000000e+01 4.555555555555556024e-01 1.045793173606008111e-02 2.067066878721891543e-01
1.000000000000000000e+01 4.555555555555556024e-01 4.856358324360239044e-03 8.535649642639671353e-02
1.000000000000000000e+01 4.555555555555556024e-01 4.955902583812313474e-03 4.068821907226861934e-02
1.000000000000000000e+01 4.555555555555556024e-01 7.068476088889373912e-03 2.764794126108597802e-02
1.000000000000000000e+01 4.555555555555556024e-01 7.719508546856252047e-03 2.702512559547381663e-02
1.000000000000000000e+01 4.555555555555556024e-01 8.145710183965398921e-03 2.302167953132886954e-02
1.000000000000000000e+01 4.555555555555556024e-01 8.987865119237823872e-03 2.019362418312700344e-02
1.000000000000000000e+00 5.444444444444445086e-01 7.631548553385580566e-03 9.109046764376327321e-02
1.000000000000000000e+00 5.444444444444445086e-01 2.830075902355851537e-03 7.649893787825877423e-02
1.000000000000000000e+00 5.444444444444445086e-01 5.320525344702771962e-03 8.516350506940532916e-02
1.000000000000000000e+00 5.444444444444445086e-01 4.789173554790897118e-03 4.912105722841041133e-02
1.000000000000000000e+00 5.444444444444445086e-01 6.076007839116423503e-03 4.102646343506191617e-02
1.000000000000000000e+00 5.444444444444445086e-01 5.434986505400554030e-03 3.094440951601773113e-02
1.000000000000000000e+00 5.444444444444445086e-01 6.003140038390132778e-03 2.637936915444741293e-02
1.000000000000000000e+00 5.444444444444445086e-01 6.201014335396826116e-03 2.670921343009722421e-02
1.000000000000000000e+00 5.444444444444445086e-01 6.204493352605294082e-03 2.671779187958624527e-02
1.000000000000000000e+00 5.444444444444445086e-01 6.204492555565065993e-03 2.671795479899218353e-02
2.000000000000000000e+00 5.444444444444445086e-01 7.638835264386204839e-03 9.109048747958183034e-02
2.000000000000000000e+00 5.444444444444445086e-01 3.091601179691378341e-03 7.650577498524384346e-02
2.000000000000000000e+00 5.444444444444445086e-01 2.274692540855429487e-03 7.110997789325233798e-02
2.000000000000000000e+00 5.444444444444445086e-01 4.012751510735259805e-03 7.808532030605763730e-02
2.000000000000000000e+00 5.444444444444445086e-01 5.638513146387525744e-03 4.333534310267501272e-02
2.000000000000000000e+00 5.444444444444445086e-01 5.186869496339579881e-03 3.612209992413015908e-02
2.000000000000000000e+00 5.444444444444445086e-01 5.217566147120468456e-03 3.522074261774783138e-02
2.000000000000000000e+00 5.444444444444445086e-01 5.442469770876255317e-03 3.112233597916281777e-02
2.000000000000000000e+00 5.444444444444445086e-01 5.204502100205264832e-03 3.117454414317334666e-02
2.000000000000000000e+00 5.444444444444445086e-01 5.204221088855366835e-03 3.117571884090641898e-02
3.000000000000000000e+00 5.444444444444445086e-01 7.641403729018143333e-03 9.109067323661836080e-02
3.000000000000000000e+00 5.444444444444445086e-01 3.207752846394984394e-03 7.650850133371457640e-02
3.000000000000000000e+00 5.444444444444445086e-01 2.068983775915789452e-03 7.167540454431256536e-02
3.000000000000000000e+00 5.444444444444445086e-01 3.899887022023334430e-03 1.010648236542948802e-01
3.000000000000000000e+00 5.444444444444445086e-01 5.393744882602824822e-03 4.152187362796538883e-02
3.000000000000000000e+00 5.444444444444445086e-01 5.271018052970134933e-03 3.071534109169298671e-02
3.000000000000000000e+00 5.444444444444445086e-01 4.689331489335663711e-03 3.912478094536690071e-02
3.000000000000000000e+00 5.444444444444445086e-01 7.016689110210504350e-03 3.371147073286424184e-02
3.000000000000000000e+00 5.444444444444445086e-01 3.667541466126542603e-03 2.886714690720175794e-02
3.000000000000000000e+00 5.444444444444445086e-01 4.701779598626743342e-03 3.371134261528743736e-02
4.000000000000000000e+00 5.444444444444445086e-01 7.642715543909842091e-03 9.109047816548676568e-02
4.000000000000000000e+00 5.444444444444445086e-01 3.271763236956569398e-03 7.650974188182274593e-02
4.000000000000000000e+00 5.444444444444445086e-01 1.979358362788171538e-03 7.196476012040742276e-02
4.000000000000000000e+00 5.444444444444445086e-01 3.933470691727176081e-03 1.185145396510634552e-01
4.000000000000000000e+00 5.444444444444445086e-01 5.305425851730149849e-03 4.465704350862002847e-02
4.000000000000000000e+00 5.444444444444445086e-01 5.237878722951518594e-03 2.332190073031181754e-02
4.000000000000000000e+00 5.444444444444445086e-01 4.396902875178327653e-03 3.962338143187195405e-02
4.000000000000000000e+00 5.444444444444445086e-01 4.692410992422884480e-03 2.751273448642314184e-02
4.000000000000000000e+00 5.444444444444445086e-01 2.714251887015533497e-03 2.462731169644257617e-02
4.000000000000000000e+00 5.444444444444445086e-01 2.560074833000057677e-03 2.457659387027640030e-02
5.000000000000000000e+00 5.444444444444445086e-01 7.643510589727522085e-03 9.109062746630622320e-02
5.000000000000000000e+00 5.444444444444445086e-01 3.312127558373755866e-03 7.651052681967891733e-02
5.000000000000000000e+00 5.444444444444445086e-01 1.932850868744301169e-03 7.214047779079116318e-02
5.000000000000000000e+00 5.444444444444445086e-01 4.009623617991581006e-03 1.319289388487195902e-01
5.000000000000000000e+00 5.444444444444445086e-01 5.307538596284774694e-03 5.161037563324945288e-02
5.000000000000000000e+00 5.444444444444445086e-01 5.159211410463291313e-03 1.819480143972162720e-02
5.000000000000000000e+00 5.444444444444445086e-01 4.360173979921293588e-03 3.824094253891092282e-02
5.000000000000000000e+00 5.444444444444445086e-01 4.893494601104391925e-03 2.576303819601441503e-02
5.000000000000000000e+00 5.444444444444445086e-01 3.229003021899580928e-03 2.038285660125287863e-02
5.000000000000000000e+00 5.444444444444445086e-01 3.022862257216460229e-03 1.997828482687097340e-02
6.000000000000000000e+00 5.444444444444445086e-01 7.644045426145879354e-03 9.109046803381680435e-02
6.000000000000000000e+00 5.444444444444445086e-01 3.339866610768970484e-03 7.651107008716684366e-02
6.000000000000000000e+00 5.444444444444445086e-01 1.905769936109708495e-03 7.225832383083133359e-02
6.000000000000000000e+00 5.444444444444445086e-01 4.096977570054215548e-03 1.424598403391619528e-01
6.000000000000000000e+00 5.444444444444445086e-01 5.354583072494238476e-03 5.998982285795211034e-02
6.000000000000000000e+00 5.444444444444445086e-01 5.079858749942181735e-03 1.851649427948478741e-02
6.000000000000000000e+00 5.444444444444445086e-01 4.474137909341711732e-03 3.595231863895508029e-02
6.000000000000000000e+00 5.444444444444445086e-01 5.291623614266772503e-03 2.447927916201855444e-02
6.000000000000000000e+00 5.444444444444445086e-01 4.513146559854677373e-03 1.727904691126042058e-02
6.000000000000000000e+00 5.444444444444445086e-01 4.422407460898647100e-03 1.600228016279963209e-02
7.000000000000000000e+00 5.444444444444445086e-01 1.879146958561285150e-02 1.491219832391301459e-01
7.000000000000000000e+00 5.444444444444445086e-01 4.334869309998061818e-03 9.298005873461709370e-02
7.000000000000000000e+00 5.444444444444445086e-01 1.888668435373893869e-03 7.234296303811878215e-02
7.000000000000000000e+00 5.444444444444445086e-01 4.184038054421146575e-03 1.509033712959571005e-01
7.000000000000000000e+00 5.444444444444445086e-01 1.231943541774696040e-02 8.760627909657661694e-02
7.000000000000000000e+00 5.444444444444445086e-01 1.519394682350527249e-02 5.879600608084533525e-02
7.000000000000000000e+00 5.444444444444445086e-01 4.642418007975625954e-03 3.337627952377848067e-02
7.000000000000000000e+00 5.444444444444445086e-01 5.802309350363936066e-03 2.352215478340298135e-02
7.000000000000000000e+00 5.444444444444445086e-01 5.884016209349717842e-03 1.604727344698581373e-02
7.000000000000000000e+00 5.444444444444445086e-01 5.968688540024610738e-03 1.355528812798131345e-02
8.000000000000000000e+00 5.444444444444445086e-01 7.644717738368929892e-03 9.109047503109064803e-02
8.000000000000000000e+00 5.444444444444445086e-01 3.375483333550066342e-03 7.651172091101411665e-02
8.000000000000000000e+00 5.444444444444445086e-01 1.877194448396084583e-03 7.240665005621431394e-02
8.000000000000000000e+00 5.444444444444445086e-01 4.266426382149055702e-03 1.578037177074378405e-01
8.000000000000000000e+00 5.444444444444445086e-01 5.497549663968958819e-03 7.648278305366881802e-02
8.000000000000000000e+00 5.444444444444445086e-01 1.560743953627456888e-02 5.895574204791392131e-02
8.000000000000000000e+00 5.444444444444445086e-01 4.811692334416368087e-03 3.094009896066749268e-02
8.000000000000000000e+00 5.444444444444445086e-01 1.546586676712569802e-02 5.915034754361206404e-02
8.000000000000000000e+00 5.444444444444445086e-01 7.157211940723055138e-03 1.673075749139371626e-02
8.000000000000000000e+00 5.444444444444445086e-01 7.438341291422454100e-03 1.344998751657854909e-02
9.000000000000000000e+00 5.444444444444445086e-01 7.644942963866916026e-03 9.109046812964628759e-02
9.000000000000000000e+00 5.444444444444445086e-01 3.387590725226231284e-03 7.651197492741979023e-02
9.000000000000000000e+00 5.444444444444445086e-01 1.869132111811418109e-03 7.245631201591541670e-02
9.000000000000000000e+00 5.444444444444445086e-01 4.342650781586611386e-03 1.635380464446044013e-01
9.000000000000000000e+00 5.444444444444445086e-01 5.574622972564567507e-03 8.388074135709958079e-02
9.000000000000000000e+00 5.444444444444445086e-01 4.948894201273784654e-03 3.820213726935816484e-02
9.000000000000000000e+00 5.444444444444445086e-01 1.684516820196699238e-02 4.860131967554487398e-02
9.000000000000000000e+00 5.444444444444445086e-01 6.947300811336189208e-03 2.217972603445467900e-02
9.000000000000000000e+00 5.444444444444445086e-01 8.298636643079532194e-03 1.871128811636056308e-02
9.000000000000000000e+00 5.444444444444445086e-01 2.636060786230446165e-02 7.257731319518029300e-02
1.000000000000000000e+01 5.444444444444445086e-01 7.645123495563187037e-03 9.109046974582551970e-02
1.000000000000000000e+01 5.444444444444445086e-01 8.078926779506665976e-03 7.691341744771029720e-02
1.000000000000000000e+01 5.444444444444445086e-01 1.863254140315738147e-03 7.249611104568190467e-02
1.000000000000000000e+01 5.444444444444445086e-01 4.412463698476307324e-03 1.683730968984389065e-01
1.000000000000000000e+01 5.444444444444445086e-01 5.650139191904781331e-03 9.063084927457393247e-02
1.000000000000000000e+01 5.444444444444445086e-01 4.940432007981043587e-03 4.557751702951921835e-02
1.000000000000000000e+01 5.444444444444445086e-01 5.079256055587374856e-03 2.768919192989898956e-02
1.000000000000000000e+01 5.444444444444445086e-01 1.975104203782368506e-02 6.491405915926112824e-02
1.000000000000000000e+01 5.444444444444445086e-01 2.627340227161045413e-02 8.816482012940489443e-02
1.000000000000000000e+01 5.444444444444445086e-01 9.980761830245727523e-03 1.905081689571568732e-02
1.000000000000000000e+00 6.333333333333333037e-01 7.579668298162384882e-03 9.109046912387248895e-02
1.000000000000000000e+00 6.333333333333333037e-01 2.934211513350358687e-03 7.644509144821658164e-02
1.000000000000000000e+00 6.333333333333333037e-01 5.884014721806906691e-03 8.643519587344096478e-02
1.000000000000000000e+00 6.333333333333333037e-01 5.108012975303064321e-03 5.063044346251618921e-02
1.000000000000000000e+00 6.333333333333333037e-01 6.511556348245167020e-03 4.116971543196160099e-02
1.000000000000000000e+00 6.333333333333333037e-01 1.325909170065830110e-02 7.850692085079091775e-02
1.000000000000000000e+00 6.333333333333333037e-01 6.327010045441391201e-03 2.873930814015666912e-02
1.000000000000000000e+00 6.333333333333333037e-01 6.456067298567636122e-03 2.877751583838810898e-02
1.000000000000000000e+00 6.333333333333333037e-01 6.457704883676324698e-03 2.878318682318955699e-02
1.000000000000000000e+00 6.333333333333333037e-01 6.457703161457207380e-03 2.878332021827358783e-02
2.000000000000000000e+00 6.333333333333333037e-01 7.583161245035763103e-03 9.109083084114155682e-02
2.000000000000000000e+00 6.333333333333333037e-01 3.131344925785242619e-03 7.644830298110523448e-02
2.000000000000000000e+00 6.333333333333333037e-01 2.075517592686499952e-03 7.285449759221404586e-02
2.000000000000000000e+00 6.333333333333333037e-01 4.496885807578042578e-03 7.954986127713442601e-02
2.000000000000000000e+00 6.333333333333333037e-01 6.152803100469029889e-03 4.393830340725626143e-02
2.000000000000000000e+00 6.333333333333333037e-01 7.450161957718528030e-03 8.367773642525080935e-02
2.000000000000000000e+00 6.333333333333333037e-01 5.059178870431971405e-03 3.818972133784300643e-02
2.000000000000000000e+00 6.333333333333333037e-01 4.874515599463123509e-03 3.303661812591413699e-02
2.000000000000000000e+00 6.333333333333333037e-01 4.677734134333939170e-03 3.290818779070319583e-02
2.000000000000000000e+00 6.333333333333333037e-01 4.677387803293797663e-03 3.290865761565268943e-02
3.000000000000000000e+00 6.333333333333333037e-01 7.584371768882585546e-03 9.109054161386295756e-02
3.000000000000000000e+00 6.333333333333333037e-01 7.815954540175546611e-03 7.804415711602795402e-02
3.000000000000000000e+00 6.333333333333333037e-01 1.984091384904662723e-03 7.351011882647244533e-02
3.000000000000000000e+00 6.333333333333333037e-01 4.427957532369649826e-03 1.027598883471379648e-01
3.000000000000000000e+00 6.333333333333333037e-01 6.003599528192946934e-03 4.372672596946176882e-02
3.000000000000000000e+00 6.333333333333333037e-01 7.072425458604796739e-03 8.490776408806828546e-02
3.000000000000000000e+00 6.333333333333333037e-01 4.286802785066301177e-03 4.104005953678472457e-02
3.000000000000000000e+00 6.333333333333333037e-01 4.010360451022315122e-03 4.172930107660784149e-02
3.000000000000000000e+00 6.333333333333333037e-01 2.924821786704473025e-03 2.880404850709878187e-02
3.000000000000000000e+00 6.333333333333333037e-01 2.904473139703294370e-03 2.880391659797486292e-02
4.000000000000000000e+00 6.333333333333333037e-01 7.584986963964643510e-03 9.109046790700753293e-02
4.000000000000000000e+00 6.333333333333333037e-01 3.258646281622281076e-03 7.645019285998465308e-02
4.000000000000000000e+00 6.333333333333333037e-01 1.951278690187197408e-03 7.384829934552633590e-02
4.000000000000000000e+00 6.333333333333333037e-01 9.771297009887373874e-03 1.304322043298322131e-01
4.000000000000000000e+00 6.333333333333333037e-01 1.044241261809570297e-02 6.305351523614816101e-02
4.000000000000000000e+00 6.333333333333333037e-01 5.395438881184831496e-03 2.145923158546153217e-02
4.000000000000000000e+00 6.333333333333333037e-01 3.857752586689210551e-03 4.054537128387142308e-02
4.000000000000000000e+00 6.333333333333333037e-01 3.744733432609516875e-03 2.683098532764549918e-02
4.000000000000000000e+00 6.333333333333333037e-01 2.619636611902974310e-03 2.283230022752366639e-02
4.000000000000000000e+00 6.333333333333333037e-01 2.539003054140398074e-03 2.271303611272621967e-02
5.000000000000000000e+00 6.333333333333333037e-01 1.594548758416770504e-02 9.224392372433337650e-02
5.000000000000000000e+00 6.333333333333333037e-01 3.286590944924608002e-03 7.645060016156721150e-02
5.000000000000000000e+00 6.333333333333333037e-01 1.937130495876454713e-03 7.405450419572835730e-02
5.000000000000000000e+00 6.333333333333333037e-01 4.552550647486997872e-03 1.337797311764451769e-01
5.000000000000000000e+00 6.333333333333333037e-01 6.001623578150871996e-03 5.602096655532466662e-02
5.000000000000000000e+00 6.333333333333333037e-01 1.056338809993013529e-02 7.112829424463215644e-02
5.000000000000000000e+00 6.333333333333333037e-01 3.683242036737639172e-03 3.850593941091350753e-02
5.000000000000000000e+00 6.333333333333333037e-01 4.182152489095456588e-03 2.397829511021443843e-02
5.000000000000000000e+00 6.333333333333333037e-01 1.242772244305568111e-02 5.175160297470549065e-02
5.000000000000000000e+00 6.333333333333333037e-01 3.693917837975386684e-03 1.663861816953358247e-02
6.000000000000000000e+00 6.333333333333333037e-01 1.577599944929296630e-02 1.099459581856370993e-01
6.000000000000000000e+00 6.333333333333333037e-01 3.305694009744253661e-03 7.645086304229661844e-02
6.000000000000000000e+00 6.333333333333333037e-01 1.930372961108952918e-03 7.419339601519989169e-02
6.000000000000000000e+00 6.333333333333333037e-01 7.673923675845302494e-03 2.185165215430591168e-01
6.000000000000000000e+00 6.333333333333333037e-01 6.054433403752035835e-03 6.461448290450433340e-02
6.000000000000000000e+00 6.333333333333333037e-01 5.346413765500025728e-03 1.991450590669351442e-02
6.000000000000000000e+00 6.333333333333333037e-01 3.658737034119111629e-03 3.593230141505993763e-02
6.000000000000000000e+00 6.333333333333333037e-01 4.774356560513249095e-03 2.181427429323803610e-02
6.000000000000000000e+00 6.333333333333333037e-01 1.593036042991561804e-02 6.292940890986006841e-02
6.000000000000000000e+00 6.333333333333333037e-01 5.157799514485374680e-03 1.195573765650876155e-02
7.000000000000000000e+00 6.333333333333333037e-01 7.585785552476556962e-03 9.109062547104888885e-02
7.000000000000000000e+00 6.333333333333333037e-01 3.319573822367264272e-03 7.645109129633946565e-02
7.000000000000000000e+00 6.333333333333333037e-01 1.926973789046701685e-03 7.429329760319314246e-02
7.000000000000000000e+00 6.333333333333333037e-01 4.708502583244137708e-03 1.526984834680497338e-01
7.000000000000000000e+00 6.333333333333333037e-01 1.151623923729977808e-02 9.330318329429475310e-02
7.000000000000000000e+00 6.333333333333333037e-01 1.241803316989056535e-02 6.111556300333131214e-02
7.000000000000000000e+00 6.333333333333333037e-01 3.706414315477137792e-03 3.343625333541184325e-02
7.000000000000000000e+00 6.333333333333333037e-01 5.369093903085021824e-03 2.023541200979608878e-02
7.000000000000000000e+00 6.333333333333333037e-01 6.459040315986472325e-03 1.384410483237452118e-02
7.000000000000000000e+00 6.333333333333333037e-01 1.926133892485202767e-02 7.178550256764737458e-02
8.000000000000000000e+00 6.333333333333333037e-01 7.585919181878776792e-03 9.109046812539504934e-02
8.000000000000000000e+00 6.333333333333333037e-01 3.330111836657569362e-03 7.645117477892890423e-02
8.000000000000000000e+00 6.333333333333333037e-01 1.925253217443133628e-03 7.436861084839135883e-02
8.000000000000000000e+00 6.333333333333333037e-01 4.777852053457302788e-03 1.595483015068711874e-01
8.000000000000000000e+00 6.333333333333333037e-01 6.181154752622227896e-03 8.089840278446921995e-02
8.000000000000000000e+00 6.333333333333333037e-01 5.375318918147787423e-03 3.425583892628951410e-02
8.000000000000000000e+00 6.333333333333333037e-01 3.781786039056338113e-03 3.142386567168199696e-02
8.000000000000000000e+00 6.333333333333333037e-01 5.918315613028030629e-03 1.914309886709342212e-02
8.000000000000000000e+00 6.333333333333333037e-01 7.580625288836017293e-03 1.633885655542479179e-02
8.000000000000000000e+00 6.333333333333333037e-01 7.731261325714142846e-03 1.328025225554890082e-02
9.000000000000000000e+00 6.333333333333333037e-01 7.586023912390492917e-03 9.109051920317973172e-02
9.000000000000000000e+00 6.333333333333333037e-01 8.147295077310998460e-03 7.671092859099494510e-02
9.000000000000000000e+00 6.333333333333333037e-01 1.924427611998938111e-03 7.442739705696421737e-02
9.000000000000000000e+00 6.333333333333333037e-01 4.840417968198675383e-03 1.652284903131928939e-01
9.000000000000000000e+00 6.333333333333333037e-01 6.244243299717299606e-03 8.807897406755832437e-02
9.000000000000000000e+00 6.333333333333333037e-01 1.295457707956257712e-02 6.253471516873271296e-02
9.000000000000000000e+00 6.333333333333333037e-01 3.863032559773033666e-03 3.016769429995334179e-02
9.000000000000000000e+00 6.333333333333333037e-01 6.409599054638886496e-03 1.847628848459614490e-02
9.000000000000000000e+00 6.333333333333333037e-01 2.245502388419406622e-02 9.680328107661852199e-02
9.000000000000000000e+00 6.333333333333333037e-01 2.357285964976608625e-02 9.152408709519950503e-02
1.000000000000000000e+01 6.333333333333333037e-01 7.586107534613775044e-03 9.109046953523255996e-02
1.000000000000000000e+01 6.333333333333333037e-01 3.345052101622580844e-03 7.645135918876076742e-02
1.000000000000000000e+01 6.333333333333333037e-01 1.924100038425249079e-03 7.447456877349013793e-02
1.000000000000000000e+01 6.333333333333333037e-01 4.896621563060530799e-03 1.700094742555652017e-01
1.000000000000000000e+01 6.333333333333333037e-01 1.115907971331013201e-02 1.243880246898858427e-01
1.000000000000000000e+01 6.333333333333333037e-01 5.447457327952297430e-03 4.962875603213591502e-02
1.000000000000000000e+01 6.333333333333333037e-01 3.940696972850452583e-03 2.981554399058696306e-02
1.000000000000000000e+01 6.333333333333333037e-01 6.842616576049273536e-03 1.819889929561725739e-02
1.000000000000000000e+01 6.333333333333333037e-01 9.369958007396378061e-03 2.373449288119274317e-02
1.000000000000000000e+01 6.333333333333333037e-01 2.513709969029942135e-02 1.004446437547596716e-01
1.000000000000000000e+00 7.222222222222222099e-01 1.917862265629202354e-02 1.092133233358473648e-01
1.000000000000000000e+00 7.222222222222222099e-01 4.586611531335588361e-03 9.786308637491870910e-02
1.000000000000000000e+00 7.222222222222222099e-01 2.183617287113451613e-03 7.218266359195049664e-02
1.000000000000000000e+00 7.222222222222222099e-01 5.420127654284778544e-03 5.213248717717018643e-02
1.000000000000000000e+00 7.222222222222222099e-01 6.933460064234162924e-03 4.148056189182353082e-02
1.000000000000000000e+00 7.222222222222222099e-01 9.994091104263250896e-03 7.831009562822875691e-02
1.000000000000000000e+00 7.222222222222222099e-01 6.632292372612470094e-03 3.097491193082328731e-02
1.000000000000000000e+00 7.222222222222222099e-01 6.688247180878806319e-03 3.073299217201191577e-02
1.000000000000000000e+00 7.222222222222222099e-01 6.688861356578298077e-03 3.073533070950001250e-02
1.000000000000000000e+00 7.222222222222222099e-01 6.688860040675758366e-03 3.073533795216437312e-02
2.000000000000000000e+00 7.222222222222222099e-01 7.541789468464991757e-03 9.109048961264674948e-02
2.000000000000000000e+00 7.222222222222222099e-01 3.170451928588130779e-03 7.640406886687657606e-02
2.000000000000000000e+00 7.222222222222222099e-01 6.718646017144300729e-03 9.644687387738308526e-02
2.000000000000000000e+00 7.222222222222222099e-01 7.542818853394620340e-03 1.532247480486020885e-01
2.000000000000000000e+00 7.222222222222222099e-01 8.394446706624588556e-03 6.473499411050874508e-02
2.000000000000000000e+00 7.222222222222222099e-01 6.947576548382065030e-03 8.619580413631344751e-02
2.000000000000000000e+00 7.222222222222222099e-01 5.248021858114957847e-03 4.048088607120418903e-02
2.000000000000000000e+00 7.222222222222222099e-01 5.205581422438780928e-03 5.290927044034234722e-02
2.000000000000000000e+00 7.222222222222222099e-01 4.697620295073578860e-03 3.404160717418892868e-02
2.000000000000000000e+00 7.222222222222222099e-01 4.697505231634824426e-03 3.404183196819619145e-02
3.000000000000000000e+00 7.222222222222222099e-01 1.595841144512143497e-02 9.740603163134685383e-02
3.000000000000000000e+00 7.222222222222222099e-01 3.226214021308103971e-03 7.640462238792010419e-02
3.000000000000000000e+00 7.222222222222222099e-01 2.019099634753602004e-03 7.477037692649672607e-02
3.000000000000000000e+00 7.222222222222222099e-01 4.945220564942832270e-03 1.042100022384743196e-01
3.000000000000000000e+00 7.222222222222222099e-01 6.580193637720954843e-03 4.595673179266104164e-02
3.000000000000000000e+00 7.222222222222222099e-01 5.928004416244436227e-03 2.840568725446275186e-02
3.000000000000000000e+00 7.222222222222222099e-01 4.492868494431305482e-03 4.248042315107430217e-02
3.000000000000000000e+00 7.222222222222222099e-01 3.788322110265007411e-03 3.040412648633822670e-02
3.000000000000000000e+00 7.222222222222222099e-01 3.358198723471958295e-03 2.839627448268196991e-02
3.000000000000000000e+00 7.222222222222222099e-01 3.348565869015422084e-03 2.839011202824055086e-02
4.000000000000000000e+00 7.222222222222222099e-01 7.542577197980851293e-03 9.109048197253186152e-02
4.000000000000000000e+00 7.222222222222222099e-01 3.256002649276651135e-03 7.640476479194589776e-02
4.000000000000000000e+00 7.222222222222222099e-01 2.016924917243600318e-03 7.513068616970328129e-02
4.000000000000000000e+00 7.222222222222222099e-01 4.990180104820289043e-03 1.218891462597533337e-01
4.000000000000000000e+00 7.222222222222222099e-01 6.576190529833990037e-03 5.158779122867473282e-02
4.000000000000000000e+00 7.222222222222222099e-01 8.301650338285873967e-03 7.538406496659420808e-02
4.000000000000000000e+00 7.222222222222222099e-01 4.101279956390846068e-03 4.137675685517281515e-02
4.000000000000000000e+00 7.222222222222222099e-01 3.698644157939682230e-03 2.607773354694307294e-02
4.000000000000000000e+00 7.222222222222222099e-01 3.418231875805093686e-03 2.135393926585877483e-02
4.000000000000000000e+00 7.222222222222222099e-01 3.382962171527422682e-03 2.116910639099128799e-02
5.000000000000000000e+00 7.222222222222222099e-01 7.542736616158129265e-03 9.109071034839648362e-02
5.000000000000000000e+00 7.222222222222222099e-01 3.274499914692010228e-03 7.640503029832201864e-02
5.000000000000000000e+00 7.222222222222222099e-01 2.018766212491468828e-03 7.535081178603345031e-02
5.000000000000000000e+00 7.222222222222222099e-01 5.052579785518599570e-03 1.353720661942891534e-01
5.000000000000000000e+00 7.222222222222222099e-01 6.606995198872842728e-03 5.970864370390490533e-02
5.000000000000000000e+00 7.222222222222222099e-01 5.908427270271345184e-03 1.791906313788801941e-02
5.000000000000000000e+00 7.222222222222222099e-01 6.600352459437939384e-03 5.947449231157986987e-02
5.000000000000000000e+00 7.222222222222222099e-01 4.039702443643584592e-03 2.263145487849263504e-02
5.000000000000000000e+00 7.222222222222222099e-01 4.310582307366929086e-03 1.577110299228504792e-02
5.000000000000000000e+00 7.222222222222222099e-01 1.224515408493450155e-02 6.608243810017452868e-02
6.000000000000000000e+00 7.222222222222222099e-01 7.542843207301274701e-03 9.109049576288262562e-02
6.000000000000000000e+00 7.222222222222222099e-01 3.287094827891143180e-03 7.640497483414587787e-02
6.000000000000000000e+00 7.222222222222222099e-01 2.021428730795755968e-03 7.549922885165681607e-02
6.000000000000000000e+00 7.222222222222222099e-01 5.115069751406332854e-03 1.458806133131503591e-01
6.000000000000000000e+00 7.222222222222222099e-01 6.651359898031727023e-03 6.837880450209994632e-02
6.000000000000000000e+00 7.222222222222222099e-01 9.951294984616866623e-03 6.596560382947849743e-02
6.000000000000000000e+00 7.222222222222222099e-01 8.119472646521705070e-03 5.958394005423288398e-02
6.000000000000000000e+00 7.222222222222222099e-01 1.121630076917930034e-02 7.868261023973786850e-02
6.000000000000000000e+00 7.222222222222222099e-01 5.329187461629865397e-03 1.389108620342866147e-02
6.000000000000000000e+00 7.222222222222222099e-01 1.477603733974410492e-02 7.736757676840459730e-02
7.000000000000000000e+00 7.222222222222222099e-01 7.542920145309954874e-03 9.109056082625396900e-02
7.000000000000000000e+00 7.222222222222222099e-01 3.296221071991448179e-03 7.640510893062739395e-02
7.000000000000000000e+00 7.222222222222222099e-01 2.024074779553047387e-03 7.560606988156930164e-02
7.000000000000000000e+00 7.222222222222222099e-01 5.172756578700959257e-03 1.542561847317147905e-01
7.000000000000000000e+00 7.222222222222222099e-01 1.055105512192472395e-02 9.738420477102355255e-02
7.000000000000000000e+00 7.222222222222222099e-01 5.978988732446778760e-03 2.932269457776032553e-02
7.000000000000000000e+00 7.222222222222222099e-01 3.901709892407113651e-03 3.448102552733307152e-02
7.000000000000000000e+00 7.222222222222222099e-01 4.876080235618186071e-03 1.864634336852810659e-02
7.000000000000000000e+00 7.222222222222222099e-01 6.251911489272608292e-03 1.609743396010149957e-02
7.000000000000000000e+00 7.222222222222222099e-01 6.222156003792463259e-03 1.350643200262542643e-02
8.000000000000000000e+00 7.222222222222222099e-01 7.542977066939868767e-03 9.109047498068525983e-02
8.000000000000000000e+00 7.222222222222222099e-01 8.211311386805452903e-03 7.652888411029774851e-02
8.000000000000000000e+00 7.222222222222222099e-01 2.026477498475758986e-03 7.568664404831650094e-02
8.000000000000000000e+00 7.222222222222222099e-01 5.224576624063360757e-03 1.610678857035445499e-01
8.000000000000000000e+00 7.222222222222222099e-01 6.748175606591112763e-03 8.440116331023732321e-02
8.000000000000000000e+00 7.222222222222222099e-01 6.026113732650052214e-03 3.741722160934027319e-02
8.000000000000000000e+00 7.222222222222222099e-01 3.955648981746848723e-03 3.308110840415783016e-02
8.000000000000000000e+00 7.222222222222222099e-01 5.227299823972817415e-03 1.790352305662354718e-02
8.000000000000000000e+00 7.222222222222222099e-01 7.041680918926149398e-03 2.029908711353839088e-02
8.000000000000000000e+00 7.222222222222222099e-01 7.023841692035786601e-03 1.837539402851524548e-02
9.000000000000000000e+00 7.222222222222222099e-01 1.615623282887563780e-02 9.164038496268432643e-02
9.000000000000000000e+00 7.222222222222222099e-01 3.308558976238344575e-03 7.640518497127524178e-02
9.000000000000000000e+00 7.222222222222222099e-01 2.028603966717977720e-03 7.574958118462384038e-02
9.000000000000000000e+00 7.222222222222222099e-01 5.270713769272804099e-03 1.667060481965038921e-01
9.000000000000000000e+00 7.222222222222222099e-01 9.930093834186755342e-03 1.298461907509352586e-01
9.000000000000000000e+00 7.222222222222222099e-01 1.095791128303658449e-02 7.008608350870722259e-02
9.000000000000000000e+00 7.222222222222222099e-01 1.116840294489674160e-02 6.293849828910266786e-02
9.000000000000000000e+00 7.222222222222222099e-01 1.487355031886193613e-02 9.482570161831810340e-02
9.000000000000000000e+00 7.222222222222222099e-01 7.707656271452814449e-03 2.493149831893178361e-02
9.000000000000000000e+00 7.222222222222222099e-01 7.698698595935949372e-03 2.414630105526700127e-02
1.000000000000000000e+01 7.222222222222222099e-01 7.543057293257471839e-03 9.109046883485624746e-02
1.000000000000000000e+01 7.222222222222222099e-01 3.312923322960031284e-03 7.640522676642270972e-02
1.000000000000000000e+01 7.222222222222222099e-01 2.030470455931599263e-03 7.580012747766105841e-02
1.000000000000000000e+01 7.222222222222222099e-01 5.311735353706459675e-03 1.714443593530154963e-01
1.000000000000000000e+01 7.222222222222222099e-01 6.838132884688018394e-03 9.768554454078667848e-02
1.000000000000000000e+01 7.222222222222222099e-01 6.126922173894997284e-03 5.296967159306366357e-02
1.000000000000000000e+01 7.222222222222222099e-01 1.178890489624391351e-02 6.504628981269626464e-02
1.000000000000000000e+01 7.222222222222222099e-01 1.569992288026929653e-02 9.806142898515679551e-02
1.000000000000000000e+01 7.222222222222222099e-01 8.268320679746371180e-03 2.940728139886086834e-02
1.000000000000000000e+01 7.222222222222222099e-01 8.263750167945728767e-03 3.003614785005005727e-02
1.000000000000000000e+00 8.111111111111111160e-01 1.927970296852324697e-02 1.316318190485170625e-01
1.000000000000000000e+00 8.111111111111111160e-01 4.654993185522657631e-03 1.115581935046941198e-01
1.000000000000000000e+00 8.111111111111111160e-01 2.129186470302130933e-03 7.298117668882141140e-02
1.000000000000000000e+00 8.111111111111111160e-01 7.252476821277146005e-03 7.303614201639299641e-02
1.000000000000000000e+00 8.111111111111111160e-01 7.317426316421545354e-03 4.191885455947483297e-02
1.000000000000000000e+00 8.111111111111111160e-01 7.051961513383113618e-03 3.431473885123025036e-02
1.000000000000000000e+00 8.111111111111111160e-01 7.008004906605174583e-03 3.300111984006884325e-02
1.000000000000000000e+00 8.111111111111111160e-01 7.009918152195745988e-03 3.249010664946171134e-02
1.000000000000000000e+00 8.111111111111111160e-01 7.009798159240700731e-03 3.248907972543776945e-02
1.000000000000000000e+00 8.111111111111111160e-01 7.009798156165603263e-03 3.248907787024218896e-02
2.000000000000000000e+00 8.111111111111111160e-01 7.510098469804967272e-03 9.109046793375151496e-02
2.000000000000000000e+00 8.111111111111111160e-01 3.209639719166807945e-03 7.636988606432097704e-02
2.000000000000000000e+00 8.111111111111111160e-01 2.113416592333960866e-03 7.488960415257359116e-02
2.000000000000000000e+00 8.111111111111111160e-01 8.766484138033872262e-03 1.241079784288740967e-01
2.000000000000000000e+00 8.111111111111111160e-01 8.247171381628072215e-03 8.596488442430047505e-02
2.000000000000000000e+00 8.111111111111111160e-01 6.651124946006803720e-03 3.626649500991206004e-02
2.000000000000000000e+00 8.111111111111111160e-01 5.860178360861517492e-03 4.234826409172182810e-02
2.000000000000000000e+00 8.111111111111111160e-01 5.415994887030838902e-03 3.528820567252532320e-02
2.000000000000000000e+00 8.111111111111111160e-01 5.356236318085763788e-03 3.483331846781178437e-02
2.000000000000000000e+00 8.111111111111111160e-01 5.356357153353021212e-03 3.483355026832891943e-02
3.000000000000000000e+00 8.111111111111111160e-01 7.510285774898165824e-03 9.109057814504102624e-02
3.000000000000000000e+00 8.111111111111111160e-01 8.154330881050091823e-03 7.784965284977643507e-02
3.000000000000000000e+00 8.111111111111111160e-01 2.123640712807680058e-03 7.559471123273198145e-02
3.000000000000000000e+00 8.111111111111111160e-01 5.418575720990961506e-03 1.055191930158967117e-01
3.000000000000000000e+00 8.111111111111111160e-01 7.095723786055968541e-03 4.811636130550552004e-02
3.000000000000000000e+00 8.111111111111111160e-01 6.572803875355404807e-03 2.797529153076567035e-02
3.000000000000000000e+00 8.111111111111111160e-01 5.319975396139662097e-03 4.374835413314177857e-02
3.000000000000000000e+00 8.111111111111111160e-01 4.609957437820779227e-03 3.051565610428601943e-02
3.000000000000000000e+00 8.111111111111111160e-01 4.480244684828779168e-03 2.812055295409661426e-02
3.000000000000000000e+00 8.111111111111111160e-01 6.729968263885544727e-03 5.904343708377557398e-02
4.000000000000000000e+00 8.111111111111111160e-01 7.510380100318223874e-03 9.109047772905407014e-02
4.000000000000000000e+00 8.111111111111111160e-01 3.261725543668613208e-03 7.636938929605623094e-02
4.000000000000000000e+00 8.111111111111111160e-01 2.132665948092321399e-03 7.596117303311056279e-02
4.000000000000000000e+00 8.111111111111111160e-01 5.452327938343337795e-03 1.232900358174650463e-01
4.000000000000000000e+00 8.111111111111111160e-01 7.100494753022770604e-03 5.446989906947974358e-02
4.000000000000000000e+00 8.111111111111111160e-01 6.574611160295851416e-03 2.049844704622335798e-02
4.000000000000000000e+00 8.111111111111111160e-01 5.078677310924878049e-03 4.234416789053974811e-02
4.000000000000000000e+00 8.111111111111111160e-01 4.401021668413672254e-03 2.584335666749804777e-02
4.000000000000000000e+00 8.111111111111111160e-01 4.407699788043890725e-03 2.096116841779651838e-02
4.000000000000000000e+00 8.111111111111111160e-01 4.391136036627973568e-03 2.071680185522451270e-02
5.000000000000000000e+00 8.111111111111111160e-01 1.619136137969223038e-02 9.204117782891609034e-02
5.000000000000000000e+00 8.111111111111111160e-01 3.272854616495197294e-03 7.636959732549705726e-02
5.000000000000000000e+00 8.111111111111111160e-01 2.139484591799226034e-03 7.618522315491141339e-02
5.000000000000000000e+00 8.111111111111111160e-01 5.495625195048342571e-03 1.368047858523639970e-01
5.000000000000000000e+00 8.111111111111111160e-01 7.124645319104803108e-03 6.284863592570134883e-02
5.000000000000000000e+00 8.111111111111111160e-01 6.604196268050080074e-03 1.909840074186094569e-02
5.000000000000000000e+00 8.111111111111111160e-01 4.989820685266562091e-03 4.007141140217470449e-02
5.000000000000000000e+00 8.111111111111111160e-01 4.446524717289827670e-03 2.247605821962123454e-02
5.000000000000000000e+00 8.111111111111111160e-01 4.749471721602944833e-03 1.681225748358861419e-02
5.000000000000000000e+00 8.111111111111111160e-01 4.716018961527787719e-03 1.578755820911529814e-02
6.000000000000000000e+00 8.111111111111111160e-01 7.510474653138591444e-03 9.109052008778589782e-02
6.000000000000000000e+00 8.111111111111111160e-01 3.280408375536576510e-03 7.636952082401146646e-02
6.000000000000000000e+00 8.111111111111111160e-01 2.144651803890437747e-03 7.633646556049156207e-02
6.000000000000000000e+00 8.111111111111111160e-01 5.537807959269112554e-03 1.473088085175925932e-01
6.000000000000000000e+00 8.111111111111111160e-01 7.155619328537346849e-03 7.152010886917289922e-02
6.000000000000000000e+00 8.111111111111111160e-01 6.644551883019971655e-03 2.417593739980399350e-02
6.000000000000000000e+00 8.111111111111111160e-01 7.839426243150792936e-03 6.668313117605891016e-02
6.000000000000000000e+00 8.111111111111111160e-01 4.569613813201143723e-03 2.046854257679725161e-02
6.000000000000000000e+00 8.111111111111111160e-01 5.206554667325981323e-03 1.747694107117520740e-02
6.000000000000000000e+00 8.111111111111111160e-01 5.157573380793534223e-03 1.564036212552572663e-02
7.000000000000000000e+00 8.111111111111111160e-01 7.510501789782063689e-03 9.109054461305325645e-02
7.000000000000000000e+00 8.111111111111111160e-01 3.285870156905015219e-03 7.636953756184514108e-02
7.000000000000000000e+00 8.111111111111111160e-01 2.148658545674305125e-03 7.644538623341651240e-02
7.000000000000000000e+00 8.111111111111111160e-01 5.576128793551195749e-03 1.556608274393797009e-01
7.000000000000000000e+00 8.111111111111111160e-01 7.188114676079958298e-03 7.973823855624957713e-02
7.000000000000000000e+00 8.111111111111111160e-01 6.688715426828081151e-03 3.192594062278344968e-02
7.000000000000000000e+00 8.111111111111111160e-01 5.012572959541454834e-03 3.623169788033345912e-02
7.000000000000000000e+00 8.111111111111111160e-01 1.082933268337853659e-02 9.950885759133039354e-02
7.000000000000000000e+00 8.111111111111111160e-01 5.651949596080249258e-03 2.148848879529064934e-02
7.000000000000000000e+00 8.111111111111111160e-01 5.589210631237926351e-03 1.964869300291460438e-02
8.000000000000000000e+00 8.111111111111111160e-01 7.510522522584500357e-03 9.109046768737891209e-02
8.000000000000000000e+00 8.111111111111111160e-01 3.290003317915497858e-03 7.636962911653581709e-02
8.000000000000000000e+00 8.111111111111111160e-01 2.151842001585702220e-03 7.652756636241633825e-02
8.000000000000000000e+00 8.111111111111111160e-01 5.610171702955985690e-03 1.624399207085038543e-01
8.000000000000000000e+00 8.111111111111111160e-01 7.219859200650659628e-03 8.726327654632999586e-02
8.000000000000000000e+00 8.111111111111111160e-01 6.733478605486171824e-03 4.016581865928631895e-02
8.000000000000000000e+00 8.111111111111111160e-01 5.065869806546745811e-03 3.542949793945985443e-02
8.000000000000000000e+00 8.111111111111111160e-01 4.824965403410174693e-03 1.974647186340366262e-02
8.000000000000000000e+00 8.111111111111111160e-01 1.400816865172587432e-02 1.178348494577058370e-01
8.000000000000000000e+00 8.111111111111111160e-01 5.971201065373106000e-03 2.538366186703986185e-02
9.000000000000000000e+00 8.111111111111111160e-01 7.510537971860139529e-03 9.109046904946438428e-02
9.000000000000000000e+00 8.111111111111111160e-01 3.293238988258181867e-03 7.636956213902769408e-02
9.000000000000000000e+00 8.111111111111111160e-01 2.154424490795217237e-03 7.659177633589550616e-02
9.000000000000000000e+00 8.111111111111111160e-01 5.640229742621379397e-03 1.680418519584844506e-01
9.000000000000000000e+00 8.111111111111111160e-01 7.249912151730832609e-03 9.406276865369427032e-02
9.000000000000000000e+00 8.111111111111111160e-01 6.777292205538099426e-03 4.817941716424962301e-02
9.000000000000000000e+00 8.111111111111111160e-01 5.129409110531123889e-03 3.554802317923126675e-02
9.000000000000000000e+00 8.111111111111111160e-01 4.929864103309886635e-03 2.054982571275357564e-02
9.000000000000000000e+00 8.111111111111111160e-01 1.460633215172026621e-02 1.289854439986133083e-01
9.000000000000000000e+00 8.111111111111111160e-01 6.296902582116539054e-03 3.154206456018258248e-02
1.000000000000000000e+01 8.111111111111111160e-01 7.510550707322428445e-03 9.109046878951619630e-02
1.000000000000000000e+01 8.111111111111111160e-01 3.295841250548649411e-03 7.636957310258625509e-02
1.000000000000000000e+01 8.111111111111111160e-01 7.895377223099108929e-03 7.873791514739990338e-02
1.000000000000000000e+01 8.111111111111111160e-01 5.666779637190234864e-03 1.727432015074009397e-01
1.000000000000000000e+01 8.111111111111111160e-01 7.277944262551114263e-03 1.001812904676326471e-01
1.000000000000000000e+01 8.111111111111111160e-01 6.819410010670525803e-03 5.574973966838792094e-02
1.000000000000000000e+01 8.111111111111111160e-01 5.197195001273685090e-03 3.654165973915183413e-02
1.000000000000000000e+01 8.111111111111111160e-01 5.017951437885972803e-03 2.184012375751524446e-02
1.000000000000000000e+01 8.111111111111111160e-01 6.671041758583919588e-03 3.650195768415048087e-02
1.000000000000000000e+01 8.111111111111111160e-01 6.570698992070361441e-03 3.765757710729071561e-02
1.000000000000000000e+00 9.000000000000000222e-01 7.485103436409897698e-03 9.109063998131713968e-02
1.000000000000000000e+00 9.000000000000000222e-01 3.206782570679886195e-03 7.634376921258437254e-02
1.000000000000000000e+00 9.000000000000000222e-01 2.223480693825303969e-03 7.350926615155287114e-02
1.000000000000000000e+00 9.000000000000000222e-01 5.986145106719531657e-03 5.519437523429482351e-02
1.000000000000000000e+00 9.000000000000000222e-01 8.762878640351842718e-03 1.843236844950648934e-01
1.000000000000000000e+00 9.000000000000000222e-01 7.553150051739513510e-03 3.543202959944483088e-02
1.000000000000000000e+00 9.000000000000000222e-01 7.506817259997915388e-03 3.481511728857421273e-02
1.000000000000000000e+00 9.000000000000000222e-01 7.490253608379946783e-03 3.404408186557031368e-02
1.000000000000000000e+00 9.000000000000000222e-01 7.489699591406480915e-03 3.403977867073725017e-02
1.000000000000000000e+00 9.000000000000000222e-01 7.489700516255273083e-03 3.403977767497692875e-02
2.000000000000000000e+00 9.000000000000000222e-01 7.485227258339363469e-03 9.109056491926730004e-02
2.000000000000000000e+00 9.000000000000000222e-01 3.249517269805053676e-03 7.634327772433263659e-02
2.000000000000000000e+00 9.000000000000000222e-01 2.249056894141864861e-03 7.538580378049723751e-02
2.000000000000000000e+00 9.000000000000000222e-01 8.594649410522578817e-03 1.174569006027586099e-01
2.000000000000000000e+00 9.000000000000000222e-01 7.568480105672842698e-03 4.704463224509148472e-02
2.000000000000000000e+00 9.000000000000000222e-01 7.327396649760497920e-03 3.654911979461497595e-02
2.000000000000000000e+00 9.000000000000000222e-01 7.033955919563191807e-03 6.927813086077208582e-02
2.000000000000000000e+00 9.000000000000000222e-01 6.526496511457854921e-03 3.605760774079906639e-02
2.000000000000000000e+00 9.000000000000000222e-01 6.504276188920745175e-03 3.547449785155983026e-02
2.000000000000000000e+00 9.000000000000000222e-01 6.504486839047733497e-03 3.547483198400721432e-02
3.000000000000000000e+00 9.000000000000000222e-01 1.717582278037984092e-02 1.092283757903069197e-01
3.000000000000000000e+00 9.000000000000000222e-01 3.265844155109975597e-03 7.634194266873174650e-02
3.000000000000000000e+00 9.000000000000000222e-01 2.955776673835011897e-03 7.817112506351450718e-02
3.000000000000000000e+00 9.000000000000000222e-01 5.844147031988785809e-03 1.067509851310496638e-01
3.000000000000000000e+00 9.000000000000000222e-01 7.549345032825674311e-03 5.017610935332495609e-02
3.000000000000000000e+00 9.000000000000000222e-01 7.294894288294453098e-03 2.789147522328906323e-02
3.000000000000000000e+00 9.000000000000000222e-01 6.566833229970990386e-03 4.498877280970476483e-02
3.000000000000000000e+00 9.000000000000000222e-01 6.030581180146337220e-03 3.088226532364468299e-02
3.000000000000000000e+00 9.000000000000000222e-01 7.658333263575869271e-03 6.810702017178874024e-02
3.000000000000000000e+00 9.000000000000000222e-01 5.992651687496798954e-03 2.825398189409827551e-02
4.000000000000000000e+00 9.000000000000000222e-01 7.485289695044208824e-03 9.109066606883779726e-02
4.000000000000000000e+00 9.000000000000000222e-01 3.274407698658250189e-03 7.634183250957174427e-02
4.000000000000000000e+00 9.000000000000000222e-01 2.271504335450752823e-03 7.644650901912691809e-02
4.000000000000000000e+00 9.000000000000000222e-01 5.862967375307903857e-03 1.245959632077033447e-01
4.000000000000000000e+00 9.000000000000000222e-01 7.554272517353327610e-03 5.704457902533558583e-02
4.000000000000000000e+00 9.000000000000000222e-01 8.332930870809003576e-03 7.644340982202485479e-02
4.000000000000000000e+00 9.000000000000000222e-01 6.468154228624838076e-03 4.350382380611553940e-02
4.000000000000000000e+00 9.000000000000000222e-01 5.809218627564332639e-03 2.645555749878107307e-02
4.000000000000000000e+00 9.000000000000000222e-01 5.803311778028779656e-03 2.198434236420614835e-02
4.000000000000000000e+00 9.000000000000000222e-01 5.801672158814450211e-03 2.168764569182762489e-02
5.000000000000000000e+00 9.000000000000000222e-01 7.485302230761771772e-03 9.109068867163273853e-02
5.000000000000000000e+00 9.000000000000000222e-01 8.324689314651981253e-03 7.673208045279872325e-02
5.000000000000000000e+00 9.000000000000000222e-01 2.276940348610591216e-03 7.666915913900605728e-02
5.000000000000000000e+00 9.000000000000000222e-01 5.885837168759740223e-03 1.381347097811826130e-01
5.000000000000000000e+00 9.000000000000000222e-01 8.898153144602046274e-03 9.771895889499464249e-02
5.000000000000000000e+00 9.000000000000000222e-01 7.333039790702519482e-03 2.057936323901125852e-02
5.000000000000000000e+00 9.000000000000000222e-01 6.445170716448468326e-03 4.140418384604747926e-02
5.000000000000000000e+00 9.000000000000000222e-01 5.712879371052557304e-03 2.378577112193783205e-02
5.000000000000000000e+00 9.000000000000000222e-01 5.773815897059651238e-03 2.013591692492645857e-02
5.000000000000000000e+00 9.000000000000000222e-01 5.769665522319538525e-03 1.913341709628123277e-02
6.000000000000000000e+00 9.000000000000000222e-01 7.485310586202710732e-03 9.109047220607557893e-02
6.000000000000000000e+00 9.000000000000000222e-01 3.283240401186964495e-03 7.634194191692887654e-02
6.000000000000000000e+00 9.000000000000000222e-01 2.280755298328664485e-03 7.681936996922825167e-02
6.000000000000000000e+00 9.000000000000000222e-01 5.907681850501856138e-03 1.486315576114146386e-01
6.000000000000000000e+00 9.000000000000000222e-01 7.584111250814382435e-03 7.419766127620082419e-02
6.000000000000000000e+00 9.000000000000000222e-01 7.361804890458468684e-03 2.629727225885931594e-02
6.000000000000000000e+00 9.000000000000000222e-01 6.458002198760129028e-03 3.955666514735460548e-02
6.000000000000000000e+00 9.000000000000000222e-01 8.726917931418085722e-03 1.051126585315052125e-01
6.000000000000000000e+00 9.000000000000000222e-01 5.813296872755197887e-03 2.294101845183544111e-02
6.000000000000000000e+00 9.000000000000000222e-01 5.807180060855520604e-03 2.140054284638005094e-02
7.000000000000000000e+00 9.000000000000000222e-01 1.718329452587670503e-02 1.364255159240536641e-01
7.000000000000000000e+00 9.000000000000000222e-01 3.285813919115117190e-03 7.634178073818460863e-02
7.000000000000000000e+00 9.000000000000000222e-01 2.931536360711449636e-03 1.035767683027656316e-01
7.000000000000000000e+00 9.000000000000000222e-01 5.927298861649935545e-03 1.569600925945713044e-01
7.000000000000000000e+00 9.000000000000000222e-01 7.600786688070431361e-03 8.229073486328913889e-02
7.000000000000000000e+00 9.000000000000000222e-01 7.390598939925315490e-03 3.425707319691261715e-02
7.000000000000000000e+00 9.000000000000000222e-01 8.296356843152725979e-03 7.566720526633399779e-02
7.000000000000000000e+00 9.000000000000000222e-01 5.661407046663158825e-03 2.283072353725266318e-02
7.000000000000000000e+00 9.000000000000000222e-01 5.878299845772635111e-03 2.802263419159632674e-02
7.000000000000000000e+00 9.000000000000000222e-01 5.871337673068999750e-03 2.653278301731855013e-02
8.000000000000000000e+00 9.000000000000000222e-01 7.485321043746664786e-03 9.109047761718476466e-02
8.000000000000000000e+00 9.000000000000000222e-01 3.287758670677755086e-03 7.634188227605871735e-02
8.000000000000000000e+00 9.000000000000000222e-01 2.285745700558261193e-03 7.700935694813604293e-02
8.000000000000000000e+00 9.000000000000000222e-01 8.610254770606021180e-03 2.040343996098562263e-01
8.000000000000000000e+00 9.000000000000000222e-01 8.818118105784950034e-03 1.089381644937546662e-01
8.000000000000000000e+00 9.000000000000000222e-01 7.418208768670594977e-03 4.255042895643650763e-02
8.000000000000000000e+00 9.000000000000000222e-01 6.526388893449187184e-03 3.808720348496252850e-02
8.000000000000000000e+00 9.000000000000000222e-01 9.216909760218900544e-03 1.178338674465052305e-01
8.000000000000000000e+00 9.000000000000000222e-01 5.949256146785980061e-03 3.361681192050504363e-02
8.000000000000000000e+00 9.000000000000000222e-01 5.942649867622023206e-03 3.267806840119354822e-02
9.000000000000000000e+00 9.000000000000000222e-01 7.485324552860449059e-03 9.109046787377600429e-02
9.000000000000000000e+00 9.000000000000000222e-01 8.229893325006107374e-03 8.441899762984216016e-02
9.000000000000000000e+00 9.000000000000000222e-01 2.287465213035099355e-03 7.707319809721620285e-02
9.000000000000000000e+00 9.000000000000000222e-01 6.805228334192333500e-03 2.890079022870111203e-01
9.000000000000000000e+00 9.000000000000000222e-01 7.631948216453976648e-03 9.629216040890596628e-02
9.000000000000000000e+00 9.000000000000000222e-01 9.007792950155028150e-03 8.236017926422170565e-02
9.000000000000000000e+00 9.000000000000000222e-01 6.568023323390457732e-03 3.866832048835399521e-02
9.000000000000000000e+00 9.000000000000000222e-01 5.672745125712174916e-03 2.523223680232335869e-02
9.000000000000000000e+00 9.000000000000000222e-01 6.017793425123312868e-03 3.901433504605476832e-02
9.000000000000000000e+00 9.000000000000000222e-01 6.012628889173174222e-03 3.900524095644204714e-02
1.000000000000000000e+01 9.000000000000000222e-01 7.485327351276914627e-03 9.109046763212798326e-02
1.000000000000000000e+01 9.000000000000000222e-01 3.290502339448983082e-03 7.634177802980375571e-02
1.000000000000000000e+01 9.000000000000000222e-01 8.035399675140700651e-03 7.930509394890580821e-02
1.000000000000000000e+01 9.000000000000000222e-01 5.973100438055000544e-03 1.739430126737700200e-01
1.000000000000000000e+01 9.000000000000000222e-01 8.825243289350826262e-03 1.329640003424926442e-01
1.000000000000000000e+01 9.000000000000000222e-01 7.468502221124799154e-03 5.809329166141695422e-02
1.000000000000000000e+01 9.000000000000000222e-01 6.610517531674535777e-03 4.004249980421194927e-02
1.000000000000000000e+01 9.000000000000000222e-01 5.686391104183312860e-03 2.701766923189125730e-02
1.000000000000000000e+01 9.000000000000000222e-01 6.080669708582565371e-03 4.398656381697538947e-02
1.000000000000000000e+01 9.000000000000000222e-01 6.077872625017073475e-03 4.520044192569847019e-02
