$MeshFormat
2.2 0 8
$EndMeshFormat
$Nodes
2345
1 -3 0 0
2 0 0 0
3 0 1 0
4 -3 1 0
5 5 0 0
6 5 1 0
7 -2.800000000002174 0 0
8 -2.600000000002023 0 0
9 -2.400000000003 0 0
10 -2.200000000002438 0 0
11 -2.000000000001934 0 0
12 -1.800000000002824 0 0
13 -1.600000000003743 0 0
14 -1.400000000003922 0 0
15 -1.200000000003361 0 0
16 -1.000000000002801 0 0
17 -0.8000000000022411 0 0
18 -0.600000000001681 0 0
19 -0.4000000000011208 0 0
20 -0.2000000000005602 0 0
21 -2.900000000001087 0 0
22 -2.700000000002083 0 0
23 -2.500000000002626 0 0
24 -2.300000000002561 0 0
25 -2.100000000002145 0 0
26 -1.900000000002428 0 0
27 -1.700000000003319 0 0
28 -1.500000000004118 0 0
29 -1.300000000003653 0 0
30 -1.100000000002768 0 0
31 -0.9000000000022563 0 0
32 -0.7000000000016948 0 0
33 -0.5000000000010951 0 0
34 -0.3000000000007725 0 0
35 -0.1000000000003043 0 0
36 0.1999999999998339 0 0
37 0.3999999999996643 0 0
38 0.5999999999995166 0 0
39 0.7999999999989961 0 0
40 0.9999999999984124 0 0
41 1.199999999997829 0 0
42 1.399999999997245 0 0
43 1.599999999996661 0 0
44 1.799999999996077 0 0
45 1.999999999995511 0 0
46 2.199999999995745 0 0
47 2.399999999996049 0 0
48 2.599999999996353 0 0
49 2.799999999996657 0 0
50 2.999999999996961 0 0
51 3.199999999997265 0 0
52 3.399999999997569 0 0
53 3.599999999997873 0 0
54 3.799999999998176 0 0
55 3.999999999998481 0 0
56 4.199999999998784 0 0
57 4.399999999999088 0 0
58 4.599999999999393 0 0
59 4.799999999999696 0 0
60 0.09999999999992402 0 0
61 0.2999999999997174 0 0
62 0.4999999999995913 0 0
63 0.6999999999992745 0 0
64 0.8999999999986968 0 0
65 1.099999999998104 0 0
66 1.299999999997512 0 0
67 1.499999999996937 0 0
68 1.699999999996361 0 0
69 1.899999999995798 0 0
70 2.099999999995567 0 0
71 2.29999999999587 0 0
72 2.499999999995886 0 0
73 2.699999999996505 0 0
74 2.899999999996937 0 0
75 3.099999999997218 0 0
76 3.299999999997425 0 0
77 3.499999999997529 0 0
78 3.699999999997995 0 0
79 3.899999999998521 0 0
80 4.099999999998615 0 0
81 4.299999999998784 0 0
82 4.499999999999433 0 0
83 4.699999999999625 0 0
84 4.899999999999789 0 0
85 5 0.1999999999995579 0
86 5 0.3999999999989749 0
87 5 0.5999999999989468 0
88 5 0.7999999999994734 0
89 5 0.09999999999981678 0
90 5 0.2999999999992664 0
91 5 0.4999999999986832 0
92 5 0.6999999999992101 0
93 5 0.8999999999997367 0
94 4.803497345491156 1 0
95 4.606994690982311 1 0
96 4.410492036473466 1 0
97 4.213989381964621 1 0
98 4.017486727455777 1 0
99 3.820984072946933 1 0
100 3.624481418438089 1 0
101 3.427978763929245 1 0
102 3.231476109420401 1 0
103 3.034973454911557 1 0
104 2.838470800402713 1 0
105 2.641968145893868 1 0
106 2.445465491385024 1 0
107 2.24896283687618 1 0
108 2.052460182367335 1 0
109 1.855957527858492 1 0
110 1.659454873349647 1 0
111 1.462952218840803 1 0
112 1.266449564331959 1 0
113 1.069946909823114 1 0
114 0.8736368408667152 1 0
115 0.7052542206305965 1 0
116 0.584829749864852 1 0
117 0.4987429349710562 1 0
118 0.4372027994764469 1 0
119 0.3930053090176893 1 0
120 0.3537047781159206 1 0
121 0.3144042472141511 1 0
122 0.2751037163123824 1 0
123 0.2358031854106137 1 0
124 0.1965026545088442 1 0
125 0.1572021236070755 1 0
126 0.117901592705306 1 0
127 0.07860106180353732 1 0
128 0.03930053090176866 1 0
129 4.901748672745521 1 0
130 4.705246018236918 1 0
131 4.508743363727699 1 0
132 4.312240709219197 1 0
133 4.115738054710199 1 0
134 3.91923540020137 1 0
135 3.722732745692525 1 0
136 3.52623009118372 1 0
137 3.329727436674776 1 0
138 3.133224782166023 1 0
139 2.936722127657172 1 0
140 2.740219473148286 1 0
141 2.543716818639555 1 0
142 2.347214164130602 1 0
143 2.15071150962167 1 0
144 1.954208855112945 1 0
145 1.757706200604124 1 0
146 1.56120354609522 1 0
147 1.364700891586357 1 0
148 1.168198237077442 1 0
149 0.9717918753448025 1 0
150 0.789445530748683 1 0
151 0.6450419852477633 1 0
152 0.5417863424179972 1 0
153 0.4679728672237591 1 0
154 0.4151040542470579 1 0
155 0.373355043566808 1 0
156 0.3340545126650607 1 0
157 0.2947539817632672 1 0
158 0.2554534508614825 1 0
159 0.2161529199596917 1 0
160 0.1768523890579674 1 0
161 0.1375518581561828 1 0
162 0.09825132725441588 1 0
163 0.05895079635267297 1 0
164 0.01965026545086079 1 0
165 -0.03902986434772326 1 0
166 -0.07805972869544385 1 0
167 -0.117089593043164 1 0
168 -0.1561194573908841 1 0
169 -0.195149321738615 1 0
170 -0.2341791860863676 1 0
171 -0.2732090504341238 1 0
172 -0.31223891478188 1 0
173 -0.3512687791296362 1 0
174 -0.3902986434773587 1 0
175 -0.433328874386807 1 0
176 -0.4928379610333896 1 0
177 -0.5758913730903014 1 0
178 -0.6918042294806455 1 0
179 -0.8536892745865348 1 0
180 -1.048506782601095 1 0
181 -1.243656104339876 1 0
182 -1.438805426078657 1 0
183 -1.633954747818429 1 0
184 -1.829104069558654 1 0
185 -2.024253391298878 1 0
186 -2.219402713039102 1 0
187 -2.414552034779326 1 0
188 -2.609701356519551 1 0
189 -2.804850678259776 1 0
190 -0.01951493217386136 1 0
191 -0.05854479652158333 1 0
192 -0.09757466086930755 1 0
193 -0.1366045252170237 1 0
194 -0.1756343895647482 1 0
195 -0.2146642539124894 1 0
196 -0.2536941182602433 1 0
197 -0.2927239826080047 1 0
198 -0.3317538469557565 1 0
199 -0.3707837113035078 1 0
200 -0.4118137589320828 1 0
201 -0.4630834177100983 1 0
202 -0.5343646670618452 1 0
203 -0.6338478012854686 1 0
204 -0.772746752033592 1 0
205 -0.9510980285938158 1 0
206 -1.146081443470431 1 0
207 -1.341230765209307 1 0
208 -1.536380086948371 1 0
209 -1.731529408688541 1 0
210 -1.926678730428789 1 0
211 -2.121828052168963 1 0
212 -2.316977373909214 1 0
213 -2.512126695649341 1 0
214 -2.707276017389739 1 0
215 -2.902425339129888 1 0
216 -3 0.7999999999999998 0
217 -3 0.6000000000013869 0
218 -3 0.4000000000016644 0
219 -3 0.2000000000008322 0
220 -3 0.8999999999999206 0
221 -3 0.7000000000005973 0
222 -3 0.5000000000017577 0
223 -3 0.3000000000012483 0
224 -3 0.1000000000004161 0
225 -0.095715548921845 0.503136877281795 0
226 0.3825353206028068 0.535186951453121 0
227 -0.4358247818962911 0.6482573659316734 0
228 0.09249562276156092 0.7135801607105552 0
229 -0.133599191764696 0.7633255249345779 0
230 0.2968342029560166 0.7872546329823216 0
231 -0.2923275985964507 0.8255894810031477 0
232 0.00639567379818597 0.8428747587024292 0
233 0.5314850034572854 0.778333934381402 0
234 0.1658828850175242 0.8529712669285511 0
235 -0.4672315516278576 0.8238244015147407 0
236 0.4216219924109533 0.8562923240665372 0
237 -0.89482965802814 0.4917923890542992 0
238 -0.1795273015502221 0.8790188615443393 0
239 0.9712175740399719 0.5290801610088336 0
240 -0.02266097621034881 0.7170023567037811 0
241 0.1578227433589487 0.4805292377038048 0
242 0.2528732093958211 0.8886368728592268 0
243 0.02771575358860018 0.5837351212530532 0
244 0.1972712137597417 0.7563788196745277 0
245 -0.3698917745577249 0.9083642943719714 0
246 -2.323122862082503 0.521626168354235 0
247 -1.743212105849397 0.4989287355369375 0
248 4.318963607857079 0.5212849376876268 0
249 3.720529787880321 0.4992808455874008 0
250 -0.3765325957862719 0.3256945465257831 0
251 3.12856167651797 0.4989531629162439 0
252 2.541981989257535 0.516986463009571 0
253 -0.262776613926917 0.6826064460239021 0
254 1.962243405716454 0.5074715805282269 0
255 -0.07925562788021037 0.8912640842920951 0
256 1.46294184042289 0.5087082490684691 0
257 0.1960459973826905 0.6073415613617563 0
258 0.07318852079943511 0.8994966428237474 0
259 -0.1167322217492369 0.6319873597675562 0
260 -0.2229517140047055 0.5398220728333275 0
261 0.2754381974818166 0.679604322108634 0
262 -0.2578843494538186 0.9122091806291147 0
263 0.08257341880166043 0.7966036482479595 0
264 -0.6838355914603121 0.6718477952987317 0
265 -0.2311202743527689 0.7711667387833374 0
266 -1.285225709604943 0.5648365363300311 0
267 0.3340545126650357 0.9204642683303683 0
268 0.6754788904296543 0.5005277235059253 0
269 -0.07482560677150157 0.8222618445514311 0
270 -0.1715098680546609 0.6949771688659678 0
271 0.001857157056879944 0.2576894077820859 0
272 -0.001188252750255859 0.9205356862432547 0
273 0.1872406448967119 0.9223795450595403 0
274 0.3122269763317541 0.2604110461799701 0
275 -0.03494853230349523 0.638175508492366 0
276 0.4117039155131086 0.7075918038326399 0
277 -0.306745792200955 0.7510960693149786 0
278 0.1087120774443956 0.619668305662339 0
279 0.03734441978351801 0.6600802204200718 0
280 0.2271537752093943 0.8227344023404296 0
281 -0.09388451841947985 0.698823797217623 0
282 -0.6078384272467655 0.8277429827062589 0
283 0.7994988450879372 0.7652129940936301 0
284 4.642912253417343 0.6422230156646322 0
285 -2.648900097743699 0.644562417990886 0
286 -0.1364418284413944 0.9348344469072251 0
287 0.3100665315080086 0.8495323464006057 0
288 0.1597165184718577 0.678288836036232 0
289 -0.3701585754086004 0.8066963995735397 0
290 2.213275328448714 0.3323450230759753 0
291 2.818763287572646 0.3422902123389855 0
292 4.017724885199068 0.6635787791896028 0
293 3.428185937137365 0.6638422758148935 0
294 -1.99170128022093 0.6707500097332214 0
295 0.04077027682005039 0.7454655303505993 0
296 -0.2257074849080878 0.8319150401661375 0
297 2.252363439963104 0.6646449377275665 0
298 2.84074263203923 0.6639555878663755 0
299 0.3736258619781977 0.7998576673976935 0
300 -2.047158643268852 0.3214639720619262 0
301 3.414467558356231 0.33899002474559 0
302 4.036421719256351 0.323738545558002 0
303 -2.682155854576809 0.317844145423948 0
304 4.683000803135578 0.316999196864083 0
305 -0.3159037849475307 0.9363527806836858 0
306 0.5399688473104737 0.8805823845616941 0
307 -0.1399001333822905 0.8246336493448473 0
308 -0.4486157664505043 0.9044584771028886 0
309 -0.1997423451072985 0.9369716284067002 0
310 -1.479380308287041 0.3082106139397828 0
311 0.01422698273906905 0.4514555878267983 0
312 1.720427811569262 0.3123308745604138 0
313 1.212589485066398 0.315801729141327 0
314 -1.138977160717891 0.3004313475576689 0
315 0.1360608403803157 0.7606431876196895 0
316 0.4103160636743778 0.9290233609996303 0
317 1.710466043792102 0.694648164040884 0
318 -0.02712872945442486 0.7835951023852079 0
319 0.1258407904422919 0.9391487377341451 0
320 1.221754160700701 0.6971846141185786 0
321 -0.6745296656135701 0.290647359965979 0
322 -0.07497918436405733 0.7518055702042864 0
323 0.5337117868171269 0.5892725725314752 0
324 0.2573881149894888 0.7388990823356667 0
325 0.3281162029592065 0.7322292835533585 0
326 -1.555308928834155 0.7262188925750864 0
327 0.2856783534448895 0.9501999990119705 0
328 -0.9682058269483204 0.7542370256890335 0
329 -0.1931278637698438 0.6085872903689631 0
330 -0.07396694870668734 0.5685939002715534 0
331 -0.1429511542576157 0.5571695074861731 0
332 0.08672755158934237 0.8498372492398558 0
333 -0.2182190960591299 0.3831729548437985 0
334 -0.5587062098985 0.4679419734630214 0
335 -0.318115242256867 0.8798633871485944 0
336 0.874281526305331 0.2684212415846328 0
337 -0.05064615848376085 0.9473280400613624 0
338 -0.3283887447572651 0.5913337778684656 0
339 0.3571354858805876 0.6580507506855144 0
340 0.2181295311389235 0.7013519067699594 0
341 0.2074602325542362 0.8714127139517182 0
342 0.04541954112674175 0.9469396242198604 0
343 -0.3710950919589462 0.9498725448661766 0
344 -0.1806136545891909 0.7904248749195691 0
345 0.1741718034493588 0.8017819773915811 0
346 4.41965349903517 0.2817513083722074 0
347 2.499999999996202 0.2435846642794062 0
348 -2.320068153543497 0.7356324902225319 0
349 -2.420633185426027 0.2813245365370459 0
350 0.4679963334749589 0.9462562856483967 0
351 3.09999999999711 0.2424484556724979 0
352 4.315245864411043 0.7352898502823336 0
353 0.4407743389198462 0.7864488746119305 0
354 -0.1158985701073429 0.8738485332593936 0
355 3.722732745692511 0.7606097825243957 0
356 0.2300331401888312 0.9482638421406601 0
357 3.133809957059783 0.8278487649740943 0
358 3.699999999998023 0.2414723508428661 0
359 0.2634119781026044 0.4929765022410494 0
360 0.2880984351392889 0.5665726070479262 0
361 2.544374103447622 0.7734769617119308 0
362 -0.05196723361878866 0.8590230976281865 0
363 -0.185712181465002 0.7438036948710294 0
364 1.958799828157639 0.7607069402887223 0
365 0.03076316444442886 0.7903057530122887 0
366 0.1005454589325419 0.532027034694158 0
367 -0.38225003131741 0.7246579342627452 0
368 -0.484667864346402 0.7252876086982702 0
369 -1.703821451034925 0.2433416777295817 0
370 2.007302620982831 0.2546340016349014 0
371 1.446590953331967 0.2158306957223793 0
372 0.04993066846975977 0.86197982322302 0
373 0.5656403424336849 0.2512406116082821 0
374 -0.3281157334842412 0.6910914057823435 0
375 1.472014100846836 0.7543539329945758 0
376 -1.812123117051398 0.7637855013590875 0
377 -0.9084328817516424 0.2145063210182258 0
378 0.1181832261530784 0.6601604587808148 0
379 0.1311301445340198 0.8920049351961584 0
380 -0.2723956217463215 0.7857924558320852 0
381 0.1546333182439297 0.6314615763750659 0
382 0.1459319130552487 0.5722755784509898 0
383 -0.004517046056133843 0.6760031501812698 0
384 -0.1291636970088266 0.7005859841856764 0
385 -0.2297819827932625 0.7151244618963756 0
386 0.3717921669858746 0.8726208964481361 0
387 -0.2558257512440234 0.8638791559538895 0
388 -0.09535038217177147 0.9582842534159366 0
389 0.2713838708737526 0.8340512941188407 0
390 -0.5343646670618456 0.9300666809350475 0
391 -1.176567139216 0.7817598411367626 0
392 -0.07641546117886928 0.6507114482185226 0
393 -0.2536941182602456 0.9581735682720407 0
394 0.1275407079489131 0.8122608238547123 0
395 0.1455557508398158 0.7205733688252631 0
396 -0.3290198672522233 0.7958317020498741 0
397 -0.3619172917309744 0.8461136723424214 0
398 -0.3391602804401626 0.4441712740807243 0
399 0.05338983251490747 0.7015813778877308 0
400 0.233615715166147 0.7755654906789557 0
401 -0.2203891382366243 0.8863532502682443 0
402 0.2322783524242251 0.6565720175962448 0
403 1.011020828630206 0.7371493084776902 0
404 0.06446517032303282 0.6134825936499666 0
405 0.08290173485394306 0.7539667416386339 0
406 -0.1433626849480251 0.6648932866239217 0
407 0.3691060649602926 0.9554796155097197 0
408 -0.2208244762877275 0.6549697099658846 0
409 -0.0485416676528902 0.6840964825415774 0
410 -0.06463518534964983 0.3598095797136638 0
411 0.5109403618089736 0.4301035497875096 0
412 -0.2595411747678352 0.7411884214023393 0
413 -0.1784818671738813 0.2308046259956005 0
414 4.211650792088339 0.2125257658064622 0
415 -0.4184571374999851 0.8572386274293828 0
416 4.812985373032887 0.5018162430914608 0
417 -2.813446901049341 0.5018786139016961 0
418 -0.1796347334739042 0.8297877303385476 0
419 0.009159051911537916 0.6233851366797613 0
420 -1.06161549212201 0.5792213101123617 0
421 -2.213436973359453 0.216250113547293 0
422 0.08971689962088808 0.9587940226217013 0
423 0.6711312214422528 0.6511792500359461 0
424 4.524176665031056 0.4625044765343413 0
425 -0.02014255520214314 0.5251045010638506 0
426 -0.02340600329904198 0.5917125568839179 0
427 0.2953136312934526 0.8938930939202017 0
428 0.08194399476696484 0.371365615568689 0
429 0.2253587765932437 0.3749798021300196 0
430 -2.527636074609649 0.4654485448584479 0
431 -1.516857677799608 0.5203720924984649 0
432 0.6328700954175417 0.9169185878183534 0
433 0.007140047819439944 0.883196286574651 0
434 4.485257779255189 0.824552810494749 0
435 0.1632089363890658 0.9583971436046083 0
436 4.809450209189404 0.8080267489002548 0
437 -2.48942372212357 0.825318069677244 0
438 -0.4118137589320827 0.9630471812375599 0
439 -2.811116002648975 0.8086267481937259 0
440 -0.1095787887480997 0.7976716249924504 0
441 0.07425036965699923 0.6444748194791262 0
442 -0.2588462660828656 0.6028675703654158 0
443 2.680161682208249 0.1713422663674662 0
444 0.3199254364937831 0.9591687928289019 0
445 -0.7727467520335898 0.8799868681441266 0
446 -0.01749123286156561 0.9605189740697251 0
447 -1.304574729077238 0.1832165200147002 0
448 -0.0350832376320122 0.8967003047952615 0
449 -0.08622554666657375 0.856773404952649 0
450 -0.4140038174911152 0.5445739194736134 0
451 3.279159332656256 0.1691701680283486 0
452 1.060627148304794 0.1876323390651966 0
453 -0.1720416971880435 0.9607982190868889 0
454 -0.5102105154960985 0.1779037652962825 0
455 -0.1771073463723166 0.4852524582117735 0
456 3.876041832571966 0.1663150630528486 0
457 1.756052547237986 0.4928991704673774 0
458 -0.2938880739405545 0.9664451878812976 0
459 -1.391796571247 0.8422110829922681 0
460 0.3284335977066649 0.8132937115714129 0
461 0.3331781620084888 0.7733895932156929 0
462 -0.0004543781864550561 0.758504135912615 0
463 3.895263541784905 0.8293462835296495 0
464 4.136574990474994 0.826010372569224 0
465 3.334576281817518 0.8287599281306678 0
466 2.746714592620953 0.8223957620228398 0
467 -2.144472164004106 0.8289442203720695 0
468 3.550769597927014 0.8296202133341649 0
469 1.257837392034551 0.4971662058090556 0
470 2.129066468243269 0.8314181618123548 0
471 0.2251227703661531 0.9107531743212027 0
472 -1.883463668555346 0.165211582075466 0
473 -0.03157552055286609 0.8237326249523688 0
474 3.329105343505204 0.4946829869987843 0
475 0.01530051453523163 0.7139096352809015 0
476 3.921566158061656 0.4951628099643763 0
477 2.739004372992176 0.5045494989099018 0
478 2.150432161530023 0.5052108386445385 0
479 0.1654760137630529 0.8863506363862461 0
480 -1.92903925595649 0.4945925761305014 0
481 0.1331964210974292 0.188437202428869 0
482 -0.5485870069696011 0.6093662456132963 0
483 -0.08555733772856605 0.609832582689762 0
484 2.342109881163391 0.8244878804932846 0
485 2.934149203092395 0.8274030938174977 0
486 2.329513839339444 0.5043384122870485 0
487 2.921599298611117 0.5023349322747492 0
488 3.513178763594843 0.5010216590084062 0
489 0.3462283762694685 0.4084291704154173 0
490 -2.117139221929894 0.5059373537867995 0
491 4.117682134631315 0.5027835770720244 0
492 0.1845805511530275 0.7154773062989355 0
493 -0.0606568531243042 0.7213619817440881 0
494 -0.400868440811343 0.9235387192445597 0
495 0.03757596927628772 0.9124963733895528 0
496 -0.107548071946177 0.7339762978726362 0
497 0.1891967131175574 0.8277753155528349 0
498 0.2449634695467919 0.8561542561091539 0
499 -0.1702101320632098 0.9173834987051775 0
500 2.927323572970468 0.1729607008003538 0
501 4.452797367922242 0.6354386429725409 0
502 -2.814030116296079 0.1859698837041315 0
503 -0.4343960770385733 0.7688336813566079 0
504 4.814541961501027 0.1854580384989197 0
505 2.335376095520435 0.1692765179469552 0
506 -1.317380105974832 0.3886536856472225 0
507 -2.46013475015739 0.6380359134414774 0
508 3.52653022184458 0.1721905625403682 0
509 -0.1595537432716577 0.6318218047222675 0
510 -0.3374303678490516 0.9667374245875969 0
511 0.06215530762575129 0.8172247228166555 0
512 0.4152137116485897 0.9674079223104755 0
513 1.293105684800017 0.164755921327399 0
514 -0.2938655694147143 0.8997561508108121 0
515 1.833968302380574 0.1818065176631973 0
516 -0.2145998076581185 0.9672372539932719 0
517 0.3706425973481889 0.9127805100582502 0
518 -0.3521245558165858 0.7616599015151367 0
519 -0.04098789307346086 0.7524897409471647 0
520 2.613127463486709 0.3558452709872111 0
521 -0.2393314519501933 0.8022618767039879 0
522 0.1983048289643407 0.9644342749567716 0
523 -0.1076308325038616 0.914751845013429 0
524 0.3533141346553056 0.8406754165043331 0
525 0.21250278760586 0.5503310282163107 0
526 0.04289382860842168 0.5261197814071132 0
527 0.7406678912652545 0.1613684274383518 0
528 -0.3296430801313787 0.8389643808602387 0
529 0.2601479058540483 0.9676763051736137 0
530 4.539304472416135 0.1498140195361234 0
531 -2.539652411299786 0.1497668915746479 0
532 -0.7195746616425224 0.506356258339225 0
533 -0.1339548843072195 0.9696492470822859 0
534 -0.06639141565740163 0.785169273122969 0
535 0.2634027612716232 0.7998481205377941 0
536 0.1903216193993004 0.6480236361217954 0
537 -0.4564802586544233 0.9617807177770725 0
538 -0.291820357909411 0.7159634845783925 0
539 -1.960330804426794 0.8526959462928757 0
540 0.2764780055367155 0.8648183677253738 0
541 -1.100000000003081 0.1426096787897082 0
542 3.207272325342886 0.3497145803227962 0
543 0.4769064231959236 0.8424187036030832 0
544 0.2945441109735698 0.7527551068133471 0
545 1.787562744176525 0.8417175020885195 0
546 1.180691603934806 0.8564535113740182 0
547 0.4530853151533173 0.8915478389156215 0
548 -0.3330449956915866 0.1468805875635332 0
549 -0.530436204972673 0.7928878839806892 0
550 0.3746768500350398 0.7506874204780065 0
551 3.807774026612734 0.3469401896911413 0
552 0.08352915129313176 0.5766887729981696 0
553 -0.1122196139137819 0.5920329729865554 0
554 0.02138585675222622 0.9710510350945438 0
555 -0.3321262972298197 0.9063209566863686 0
556 -1.531296081401692 0.1398486438433724 0
557 1.88314676067309 0.3567436282818664 0
558 0.05790946548333138 0.7749473552861967 0
559 0.8304217478935892 0.6064618283566886 0
560 0.4211070719821051 0.6303909399503488 0
561 1.047008839235416 0.4009148926192288 0
562 0.1514283694489593 0.9169410728568005 0
563 -0.2576540668112554 0.823480311776235 0
564 3.236653258902041 0.6573373965903651 0
565 3.839720578438265 0.6492644443729214 0
566 1.606635798707858 0.1683892291942347 0
567 0.1629062278186883 0.7445750556474932 0
568 0.2859225714564711 0.7163718305123974 0
569 0.2515736327605297 0.7042352597777879 0
570 0.5448815922077764 0.9487514516056887 0
571 2.682563538071504 0.6562728547041239 0
572 -0.1111746959079696 0.8361938323118878 0
573 1.334286556188049 0.8479336342738218 0
574 0.1994181454387495 0.7924146356432958 0
575 3.629186235111719 0.650606536773697 0
576 -0.1473242539824763 0.7921375001682067 0
577 4.181238296514699 0.6497895033601624 0
578 0.3341698926016312 0.8829000346330924 0
579 0.2648153357319806 0.926224075907545 0
580 -1.822505486850736 0.3498569470840838 0
581 4.062660415947211 0.144999441944527 0
582 -2.179300736356186 0.6525780484937714 0
583 0.2237597931613097 0.731984644255972 0
584 -0.183520467561638 0.6570265280021992 0
585 2.40206865063422 0.6567869310458804 0
586 2.062756932194849 0.6528122224597805 0
587 -0.147732219147695 0.8565231782640343 0
588 3.02618536927034 0.6593282397308748 0
589 -0.0001782548598883231 0.8065877606980545 0
590 0.6505935255968365 0.7907588478093771 0
591 -0.2990547845931635 0.6425532153636451 0
592 0.8504156761265428 0.4387238461607843 0
593 2.151190808988648 0.1512511085315664 0
594 -0.2264580571192378 0.92941481068517 0
595 0.7701352860472562 0.8916023241938724 0
596 0.1330581869167984 0.971033923933043 0
597 1.567132455631574 0.3783036015281456 0
598 -0.6365290897826296 0.9275593063570867 0
599 -1.628337796439409 0.3756031389700897 0
600 -0.7000000000019611 0.1292367248713137 0
601 -1.000213393452106 0.399633309197599 0
602 0.3143686840512542 0.6874778709582211 0
603 -0.2101315361262864 0.858114000664389 0
604 -0.8445418145897179 0.6457382470677688 0
605 0.1067112360062644 0.9140688042653983 0
606 -0.2830471792033727 0.9345873736553902 0
607 1.85955859619797 0.6339748848948451 0
608 4.829626007000907 0.3439149518563597 0
609 0.4341977095275806 0.1575663872525093 0
610 -1.663647956412928 0.8432840128195768 0
611 -2.068811857037605 0.1405851335369371 0
612 -2.829781889072188 0.3440845914759521 0
613 1.612661942077926 0.8565275548605116 0
614 1.370093537470025 0.3630859964896502 0
615 -0.2526796689753574 0.4751681594016286 0
616 0.08322163933233181 0.6792583382453787 0
617 -0.1119117166608876 0.6694003752026599 0
618 1.610593830276036 0.5698758604130496 0
619 0.1120030773605065 0.7831945388368672 0
620 -0.2127441690379133 0.6869099074661911 0
621 -0.5155362296429563 0.338754672004276 0
622 0.058950796352653 0.9753830860108046 0
623 -0.2086062167767157 0.802358028829014 0
624 1.116757037770102 0.5728994040366511 0
625 0.3937545007836625 0.8302960207146932 0
626 -2.221482870214694 0.3746635337964106 0
627 1.367568965021825 0.6352209605343448 0
628 0.1130185747736674 0.7381242000946269 0
629 0.2910519318638509 0.9754090194028973 0
630 -0.2920943669121701 0.8618337003289216 0
631 -0.8290560026117617 0.369031057173165 0
632 4.217662236604416 0.3735073122810411 0
633 0.7029041147282401 0.3417309000142476 0
634 0.8999999999987042 0.1216114815477986 0
635 -0.05854479652158357 0.975958657382926 0
636 -0.07137281196421957 0.9266037407863743 0
637 -0.02101805403720821 0.8611054145305794 0
638 3.599979000272895 0.35359830239109 0
639 -2.851701606661066 0.6532151361771755 0
640 4.85141516466123 0.6528093010224979 0
641 -0.1429068139689543 0.8960600606155996 0
642 -0.4407878266518012 0.4242272771094836 0
643 0.02534970109009191 0.6870386430016132 0
644 0.4054916271145424 0.892452986097635 0
645 2.998825182409425 0.3533678754603669 0
646 0.2953091996534136 0.6348967021472105 0
647 0.2445502596269205 0.6038059309878444 0
648 0.0960736218724503 0.8796607767687465 0
649 0.3572002276878393 0.7072074259015482 0
650 0.1999591965315589 0.6761188166653391 0
651 -1.68844046262009 0.6497670223584623 0
652 0.2682051040429057 0.7701564099870537 0
653 -0.5176973234719292 0.8557960852479249 0
654 -0.9602731189390245 0.8869831427102179 0
655 -0.1423828682324738 0.6036907608033224 0
656 0.06738936673761546 0.7286484526468797 0
657 0.4861565289274084 0.7002835167926797 0
658 0.07948660168118926 0.4722994514401127 0
659 -0.3012468598221364 0.7854564255553335 0
660 2.398853448893447 0.3563185210179365 0
661 -1.536702726078234 0.8823427976773863 0
662 -0.2603755352226684 0.6457492354297119 0
663 -0.1992653948153185 0.9098284099219263 0
664 -0.16666040700019 0.7636294656696797 0
665 -0.1976178070701257 0.7663152634247399 0
666 0.4336712816759116 0.3067946678434474 0
667 4.343708112928352 0.1357265222609805 0
668 4.657710026896392 0.8593232430540314 0
669 -0.3489216786291155 0.8748699288750826 0
670 -2.344638363714755 0.1356097311196343 0
671 -2.659870867870306 0.8602464554899184 0
672 0.1284122948984671 0.8520483804377912 0
673 -0.1004892893936048 0.7658864426832385 0
674 -1.832626524029863 0.6124576796391312 0
675 -0.1954562516895846 0.7158662150320643 0
676 0.3012662783986398 0.928320102550124 0
677 0.07077646429707814 0.9281284221467713 0
678 -0.5808823456610989 0.7170557145387637 0
679 -1.165991708942332 0.4489265994186084 0
680 -0.1197481974269791 0.4392226464165581 0
681 0.09978665455902165 0.8224927978157633 0
682 -0.3646063155899143 0.6404112697804143 0
683 0.2945647524405907 0.1157779808558922 0
684 -0.3920063311478275 0.7757755916619294 0
685 -0.0572029008323096 0.4557458384605331 0
686 0.9050322443560093 0.8695879177861399 0
687 -0.4118800942435065 0.8114905942346911 0
688 0.5734068755397728 0.692584970900506 0
689 2.051773502490282 0.3943403312984396 0
690 0.1236663651239268 0.695672992193974 0
691 0.1461147094770164 0.7907417739566465 0
692 0.2979720574349864 0.8175699382261018 0
693 -0.2165382786897631 0.7422441325683142 0
694 -0.05366404804189473 0.611548533628791 0
695 0.001759473333856716 0.6494110039433671 0
696 -1.420373967136241 0.6740886022480509 0
697 -0.3059599080004724 0.5234220370385191 0
698 -1.700000000003283 0.1043230513761697 0
699 -0.3711995841080367 0.9784901330380421 0
700 -0.1556642384184481 0.7308806216330901 0
701 -0.04868565780402645 0.1353862472413111 0
702 -0.2609800323493564 0.7137207034752523 0
703 -0.3452894633086146 0.9335296002391598 0
704 4.667227904335952 0.4592162326851623 0
705 0.01712971784392837 0.9427748067887672 0
706 -0.4029258121574573 0.8919510986442022 0
707 -0.3818574312189087 0.8691854142558344 0
708 -0.3890308927381953 0.8365748638719459 0
709 0.02981331189564752 0.8237945636904895 0
710 -0.03215880076954312 0.9284595783156451 0
711 2.499999999996202 0.1012655883284434 0
712 0.1552198523181395 0.8229299230203526 0
713 4.690928765054205 0.1221359828168922 0
714 0.1709740601138791 0.7732309273410364 0
715 -2.690865066360462 0.1222402128630372 0
716 -2.317286753291206 0.8887418865798403 0
717 -2.903991670227188 0.9021566870484314 0
718 0.3507120430801982 0.6012882914424925 0
719 3.099999999997111 0.1006012876482146 0
720 4.903236888670139 0.9020066872249319 0
721 4.312277087431704 0.8884525475397062 0
722 0.03829747603328176 0.6284735793359424 0
723 -0.3322112941457206 0.7288937590907193 0
724 -2.677212799479725 0.4577603340061626 0
725 3.722732745692511 0.9004672091067831 0
726 1.954208855112914 0.9004799340823048 0
727 3.699999999998023 0.1000298710244179 0
728 3.08439170598567 0.9139243824870471 0
729 3.182643033240092 0.9139243824870471 0
730 2.494919797416323 0.8867384808559654 0
731 2.593171124670745 0.8867384808559654 0
732 0.113447651798737 0.6399143822215769 0
733 0.1316726978441627 0.6255649410187025 0
734 0.1364082721985041 0.6458110175779403 0
735 0.1389498723124681 0.6692246474085234 0
736 0.1571749183578937 0.654875206205649 0
737 0.3614054215381066 0.9777398077548598 0
738 0.3368151073048519 0.9795843964144509 0
739 0.3445157507270379 0.9573242041693109 0
740 0.03576672063223962 0.7678856416814439 0
741 0.0151543931289869 0.7744049444624519 0
742 0.02015794931679767 0.7519848331316071 0
743 0.003786599193228518 0.554419811158452 0
744 0.002154875144779099 0.5877238390684856 0
745 -0.02177427925059256 0.5584085289738843 0
746 -0.1834830598721227 0.705421691949016 0
747 -0.1635870532365545 0.712928895249529 0
748 -0.1755602450540164 0.7233734183325772 0
749 -0.2407666180760556 0.8478970980600136 0
750 -0.2179195105171871 0.8450145204152633 0
751 -0.2329786436851549 0.8609965783091393 0
752 -0.1503367825317437 0.6977815765258222 0
753 -0.1424139677136374 0.7157333029093833 0
754 -0.2381074447403239 0.8751162031110669 0
755 -0.2152603371814554 0.8722336254663167 0
756 -0.2080397888872746 0.5742046816011452 0
757 -0.1829514341311606 0.5484957901597503 0
758 -0.1680395090137298 0.5828783989275681 0
759 0.1273219952498221 0.5959719420566644 0
760 0.1502826156495892 0.6018685774130279 0
761 -0.1084590514821515 0.5628817038788633 0
762 -0.09309328131023464 0.5803134366290544 0
763 -0.1275853840856988 0.5746012402363643 0
764 0.01529245479227027 0.7984467568551716 0
765 -0.0003163165231716895 0.7825459483053347 0
766 -0.0252041013052904 0.405632583770231 0
767 0.008654404708657512 0.3655875976411764 0
768 0.04808548875301695 0.4114106016977436 0
769 0.2252039417815743 0.6789619621831021 0
770 0.2419259925923774 0.6804036386870164 0
771 0.2348515819497266 0.7027935832738736 0
772 0.06155959463459744 0.8807382330233837 0
773 0.07300214517110504 0.8708202999958833 0
774 0.08463107133594271 0.889578709796247 0
775 0.06832911002955107 0.8559085362314379 0
776 0.09140058673089634 0.8647490130043012 0
777 0.2800644835127166 0.9100585849138734 0
778 0.2982899548460463 0.9111065982351628 0
779 0.2830408070653102 0.9272720892288344 0
780 0.2329181627997224 0.9741319210703301 0
781 0.2170540071874772 0.9822171374783858 0
782 0.214168984576586 0.9563490585487158 0
783 0.2301667209750287 0.8800247934054725 0
784 0.2262118510505141 0.863783485030436 0
785 0.2489183394713065 0.8723955644841903 0
786 0.2389979898809871 0.8996950235902148 0
787 0.2162915014601947 0.8910829441364605 0
788 -1.210111621777938 0.8908799205683813 0
789 -1.112536960908548 0.8908799205683813 0
790 0.05604298804775553 0.8396022730198378 0
791 0.07444142960754682 0.8335309860282556 0
792 -0.256855050348921 0.8880441682915021 0
793 -0.2758749594342664 0.9059826657199634 0
794 -0.2748456603293689 0.8818176533823507 0
795 0.3810556869889909 0.9777398077548598 0
796 1.423295476664606 0.1079153478611897 0
797 1.503317899352552 0.08419461459711734 0
798 1.526613376019913 0.192109962458307 0
799 -0.1801241940315475 0.8101063026290584 0
800 -0.1639689542858336 0.7912811875438879 0
801 -0.1634794937281903 0.8109626152533771 0
802 -0.1597674334280973 0.8272106898416974 0
803 -0.1436121936823834 0.8083855747565269 0
804 -1.068420129077512 0.8343714919234902 0
805 -1.00438995077006 0.943491571355109 0
806 1.130313574151311 0.09381616953259829 0
807 1.246552842398923 0.0823779606636995 0
808 1.176866416552405 0.1761941301962978 0
809 0.2740934203446369 0.8912649833897142 0
810 0.2588442725639009 0.9074304743833859 0
811 -0.2973758459227009 0.3544337506847908 0
812 -0.2775072314800766 0.2782495862606919 0
813 -0.1983504816165056 0.3069887904196995 0
814 -2.551394520001418 0.2995843409804969 0
815 -2.474134630017838 0.3733865406977469 0
816 -2.604895964593229 0.3916463451411979 0
817 -2.371878023754265 0.4014753524456405 0
818 -2.425379468346076 0.4935373566063415 0
819 -0.8542164408769417 0.1072531605091129 0
820 -0.9542164408772218 0.1072531605091129 0
821 0.05538224503786141 0.9059965081066501 0
822 0.04375331887302374 0.8872380983062864 0
823 4.369308553446125 0.4015181230299171 0
824 4.471915082033113 0.3721278924532744 0
825 4.421570136444068 0.491894707110984 0
826 4.551327151085374 0.2993752526181452 0
827 4.603588734083317 0.3897518366992121 0
828 0.9911192013350889 0.633114734743262 0
829 0.9207212882618976 0.6718055684171894 0
830 0.9008196609667806 0.5677709946827612 0
831 -0.08798510220275066 0.7914204490577097 0
832 -0.1050340390708523 0.7817790338378444 0
833 -0.08344035252550323 0.7755278579031037 0
834 -0.433458947831906 0.7249727714805076 0
835 -0.4083230541779916 0.7467458078096765 0
836 -0.4595319706924876 0.7470606450274391 0
837 -0.01973278917981454 0.6570893293368179 0
838 -0.02652935685451202 0.6800498163614236 0
839 -0.04174509997819272 0.6611359955169718 0
840 -0.2929799681634422 0.8807949255698668 0
841 -0.2739600590780967 0.8628564281414055 0
842 0.1602055299980706 0.9791985718023042 0
843 0.179855795448955 0.9791985718023042 0
844 0.1866715587858802 0.8621919904401346 0
845 0.1775397990675408 0.8403732912406929 0
846 0.1983284728358968 0.8495940147522765 0
847 0.2173070038818153 0.8470735581460739 0
848 0.2081752441634759 0.8252548589466322 0
849 -0.1115241077141532 0.6997048907016497 0
850 -0.1205377068348571 0.6849931796941682 0
851 -0.1028981175401837 0.6841120862101415 0
852 0.2360586223780931 0.8394443292247917 0
853 0.197350438725474 0.8968961295056292 0
854 0.2061817076314325 0.9165663596903715 0
855 0.1864681231586446 0.8788816751689821 0
856 0.1656794493902886 0.8696609516573985 0
857 0.1763583293298824 0.9043650907228933 0
858 0.3171648418539671 0.9795843964144509 0
859 0.3921598883044412 0.9614437689100976 0
860 0.4041095103331395 0.9837039611552377 0
861 -0.1362631909784259 0.682739635404799 0
862 -0.1276372008044563 0.6671468309132909 0
863 0.0460904619558165 0.5986088574515098 0
864 0.05562245244086597 0.5802119471256113 0
865 0.0739971608080823 0.5950856833240681 0
866 0.4072001004490219 0.7931532710048119 0
867 0.4172644198517543 0.8083724476633118 0
868 0.3836901813809301 0.8150768440561933 0
869 -1.591600879660983 0.2757761458346822 0
870 -1.617558766218308 0.191595160786477 0
871 -1.505338194844366 0.2240296288915776 0
872 -0.05568199674118225 0.6444434783554442 0
873 -0.06247856441587974 0.66740396538005 0
874 0.1807568826767033 0.9614157092806899 0
875 0.1974037417365924 0.9822171374783858 0
876 0.0841589807122127 0.9793970113108507 0
877 0.103809246163097 0.9793970113108507 0
878 -0.09757709899377666 0.8825563087757444 0
879 -0.1010620583869584 0.8653109691060212 0
880 -0.08274058727339206 0.8740187446223721 0
881 -0.01379155382043996 0.7710496191489115 0
882 -0.01365349215715659 0.7950914315416312 0
883 -0.08514998979917457 0.6747676227180728 0
884 -0.07121309303618503 0.6914601398796002 0
885 -0.06561143074949952 0.8751435909601408 0
886 -0.06909639014268121 0.8578982512904177 0
887 0.002975897534592042 0.9018659864089529 0
888 -0.01813574519113403 0.9086179955192581 0
889 -0.01397159490628613 0.8899482956849563 0
890 0.1113875432688432 0.9649139732773722 0
891 0.1254798898110522 0.9855169619665215 0
892 1.043987305905037 0.5509897825227423 0
893 1.063888933200154 0.6550243562571707 0
894 -0.3178828297265892 0.7734638856824263 0
895 -0.3039963260115457 0.7682762474351561 0
896 -0.3151333635371798 0.7906440638026038 0
897 4.268312922230747 0.447396124984334 0
898 4.318657867819793 0.3276293103266242 0
899 0.03530479109851092 0.5549274513300833 0
900 0.06321148995077672 0.5514042772026414 0
901 2.003651310489171 0.1273170008174507 0
902 1.920635461681702 0.2182202596490493 0
903 1.916984151188042 0.09090325883159864 0
904 1.603317899352259 0.08419461459711734 0
905 -0.07068530001072948 0.7684874216636277 0
906 -0.08773423687883108 0.7588460064437624 0
907 -0.2391367438452215 0.8992812154486796 0
908 -0.1062199876074677 0.9791421267079683 0
909 -0.08670505543360765 0.9791421267079683 0
910 -0.2517579480495452 0.7784795973077113 0
911 -0.2659683982570784 0.7634904386172123 0
912 -0.2453307245603021 0.7561775800928383 0
913 -0.2895707069736383 0.7684442625735319 0
914 -0.2831434834843951 0.746142245358659 0
915 -0.04705475195441524 0.546849200667702 0
916 -0.04868647600286466 0.5801532285777357 0
917 -0.065039754610382 0.6311299909236567 0
918 -0.04430629017269498 0.6248620210605785 0
919 -1.014910659535165 0.6667291679006976 0
920 -0.9530786533558641 0.6124797785900653 0
921 -0.9063738207690191 0.6999876363784012 0
922 -0.01289474019597866 0.6307803225860636 0
923 -0.0291772678012686 0.6149440326881419 0
924 -0.007123475693752032 0.6075488467818395 0
925 -0.04352523562540044 0.877861701211724 0
926 -0.05716943275611129 0.8939821945436783 0
927 -0.1426670112450447 0.5804301341447478 0
928 -0.1677553660011588 0.6061390255861427 0
929 1.816984151188325 0.09090325883159864 0
930 1.720302050544216 0.175097873428716 0
931 1.703317899351968 0.08419461459711734 0
932 -0.157436276501343 0.6799352277449447 0
933 -0.09220219775980062 0.8099667347719408 0
934 -0.07060851121445161 0.8037155588372 0
935 4.479478985725653 0.2157826639541654 0
936 4.611152637775857 0.2334066082001032 0
937 -2.321058027820361 0.3279940351667283 0
938 -2.272302866148599 0.4481448510753228 0
939 -0.06339642019514512 0.8406424710898088 0
940 -0.08052557671903766 0.8395176247520401 0
941 -0.01659452948481925 0.6437932562178665 0
942 -0.001378786361138563 0.6627070770623185 0
943 0.2503006113725744 0.5584518176321185 0
944 0.2663243473831047 0.5851892690178853 0
945 0.2285265236163903 0.5770684796020775 0
946 0.02816317113397287 0.8524272909627246 0
947 0.02853535814459986 0.8725880548988355 0
948 0.006767860808812956 0.8630355226385401 0
949 -0.978222575075075 0.5355068495833304 0
950 -0.869685736308929 0.568765318061034 0
951 -0.3238791611941229 0.8594138840044165 0
952 -0.3335184604429913 0.8773666580118384 0
953 -0.3392823793802471 0.8569171548676606 0
954 -2.610904132938298 0.2338055184992979 0
955 -2.480142798362906 0.2155457140558469 0
956 -0.01358901113324132 0.6965027534425254 0
957 -0.0356013219316195 0.7005494196226792 0
958 -0.3495892213304118 0.8012640508117068 0
959 -0.3293314736918009 0.8173980414550563 0
960 -0.3499008277699895 0.8228303902168892 0
961 3.23419311943865 0.8283043465523811 0
962 3.28302619561896 0.9143799640653338 0
963 -0.08098639945371766 0.6302720154541424 0
964 -0.06961069288523039 0.6106905581592765 0
965 -0.3660379335697874 0.8264050359579805 0
966 -0.3457801859311765 0.8425390266013301 0
967 -0.1158961053065829 0.9465593501615808 0
968 -0.122036330472628 0.924793145960327 0
969 -0.1014906073378166 0.9365180492146827 0
970 2.645544348034288 0.7979363618673854 0
971 2.694341369257411 0.9111978810114199 0
972 0.3316903330816571 0.8451038814524694 0
973 0.3437420136284684 0.8617877255687127 0
974 0.3221182120548199 0.8662161905168491 0
975 2.984561329001976 0.9137015469087488 0
976 3.033979580076089 0.8276259293957959 0
977 -0.4759497079871298 0.7745560051065055 0
978 -0.4508138143332154 0.7963290414356743 0
979 -1.07238648308216 0.767998433412898 0
980 -0.9642394729436724 0.8206100841996258 0
981 -2.807015058149126 0.09298494185206577 0
982 -2.90701505814804 0.09298494185206577 0
983 -2.90701505814804 0.1929849418524819 0
984 0.2086368925427715 0.9353216936001002 0
985 0.1927727369305263 0.9434069100081559 0
986 2.393787686274208 0.9122439402466422 0
987 2.443241992305507 0.7989824211026078 0
988 -0.3704934332583356 0.929118419619074 0
989 -0.3575906189331698 0.9209469473055656 0
990 -0.3581922776337804 0.9417010725526682 0
991 -0.4090374066068506 0.6864576500972093 0
992 -0.4602463231213466 0.6867724873149719 0
993 0.2752468445884351 0.9382120374597578 0
994 0.2934723159217647 0.9392600507810472 0
995 -1.553859052363225 0.3419068764549362 0
996 -1.666079623737167 0.3094724083498357 0
997 -0.355419485180045 0.8604918006087521 0
998 -0.1905842165772933 0.7298349549515468 0
999 -0.1706882099417251 0.7373421582520597 0
1000 -0.7500000000021011 0.06461836243565687 0
1001 -0.8042164408768018 0.1718715229447698 0
1002 0.08097098109238647 0.8198587603162094 0
1003 0.093257103074182 0.8361650235278095 0
1004 4.907270980750513 0.1927290192492388 0
1005 4.907270980750513 0.09272901924945987 0
1006 4.807270980750362 0.09272901924945987 0
1007 -0.1414271407043899 0.3714912672787312 0
1008 -0.1215585262617656 0.2953071028546321 0
1009 0.5039825903927163 0.9134193351050455 0
1010 0.4605408243141381 0.9189020622820091 0
1011 0.4965270812318955 0.8860651117386578 0
1012 -0.02805064583461021 0.8789028596629205 0
1013 -0.006939003108884132 0.8721508505526152 0
1014 0.3741513560066188 0.7752725439378501 0
1015 0.4077255944774429 0.7685681475449685 0
1016 -0.09344323019203601 0.903007964652762 0
1017 -0.1117647013056023 0.8943001891364113 0
1018 0.2275779552774921 0.9295085082309313 0
1019 -0.6458370093535388 0.7497953890024953 0
1020 -0.6902925896401777 0.8538649254251928 0
1021 -0.7282911717469509 0.7759173317214292 0
1022 -0.310673732924337 0.8107105915265109 0
1023 -0.2967872292092936 0.8055229532792405 0
1024 -0.457923659039181 0.8641414393088147 0
1025 -0.4428443445639214 0.8405315144720618 0
1026 -0.4335364519752447 0.8808485522661358 0
1027 -0.05320056366218383 0.8229972347518999 0
1028 -0.04177137708582737 0.8413778612902776 0
1029 -0.1835955094633293 0.9803991095434444 0
1030 -0.2048745646983668 0.9836186269966359 0
1031 -0.193320752423081 0.9640177365400804 0
1032 0.2450905230214397 0.9579700736571368 0
1033 0.247975545632331 0.9838381525868068 0
1034 1.136608316685596 0.2517170341032618 0
1035 1.252847584933207 0.240278825234363 0
1036 -0.05322802479811589 0.9116520227908179 0
1037 -0.03362101920077766 0.9125799415554533 0
1038 -0.05176580636688135 0.9275316595510097 0
1039 -1.119091315669005 0.6804905756245621 0
1040 0.2949034407665354 0.6835410965334275 0
1041 0.2853736985676151 0.6572505121279222 0
1042 0.3048389418523338 0.6611872865527157 0
1043 -0.8086442833116538 0.7628625576059478 0
1044 -0.764188703025015 0.6587930211832502 0
1045 -0.02826054860464444 0.9802594870348625 0
1046 -0.04878733043465341 0.987979328691463 0
1047 -0.03801801469157459 0.9682388157263255 0
1048 -0.1135366330076563 0.8550211827856407 0
1049 -0.131815394627519 0.865185855761714 0
1050 -0.1294534575278323 0.8463585052879611 0
1051 0.3625531508205901 0.8566481564762346 0
1052 0.3529810297937529 0.8777604655406143 0
1053 -0.2786896882496462 0.4136721144622614 0
1054 -0.2354493825172436 0.4291705571227136 0
1055 -0.29591997470776 0.4596697167411764 0
1056 0.04933987115169089 0.760206442818398 0
1057 0.04433631496388012 0.7826265541492428 0
1058 -0.2954461737055791 0.6868489259031227 0
1059 -0.277298485918164 0.6992849653011473 0
1060 -0.3099680456968261 0.703527445180368 0
1061 -0.5711015471543055 0.8789048318206532 0
1062 -0.5627678753593474 0.8417695339770919 0
1063 -0.5260309952668873 0.8929313830914862 0
1064 0.02235800854786383 0.8978463299821019 0
1065 0.08658862388371422 0.6165754496561529 0
1066 0.09148122355069743 0.6320715625707326 0
1067 0.06935776999001603 0.6289787065645465 0
1068 1.030313574151603 0.09381616953259829 0
1069 4.317104736134061 0.6282873939849802 0
1070 4.38588048788966 0.5783617903300839 0
1071 4.384021616166643 0.6853642466274372 0
1072 -0.2823616101713862 0.8056909684176164 0
1073 -0.286821240784229 0.7856244406937094 0
1074 -2.321595507813 0.6286293292883834 0
1075 -2.390101451850443 0.6868342018320046 0
1076 -2.391628806119946 0.5798310408978562 0
1077 -1.230896424410472 0.6732981887333969 0
1078 -1.298470553176121 0.7279242216924067 0
1079 -1.352799838370592 0.619462569289041 0
1080 -0.09657384146405312 0.6413494039930394 0
1081 -0.1011447797389015 0.6209099712286591 0
1082 0.1291841011457454 0.5062781361989814 0
1083 0.1518773282070987 0.5264024080773972 0
1084 0.1232386859938953 0.5521513065725738 0
1085 -0.08484124881426616 0.5358653887766742 0
1086 -0.05792905206199407 0.5141206891728228 0
1087 4.248242080462871 0.692539676821248 0
1088 4.250100952185889 0.5855372205238947 0
1089 0.2538582749530208 0.6680881698524395 0
1090 0.2635059151211732 0.6919197909432109 0
1091 -0.3859817663851446 0.9367056320553682 0
1092 -0.385380107684534 0.9159515068082655 0
1093 -0.2462792983600897 0.6988654539601389 0
1094 -0.2377603914824152 0.6847581767450466 0
1095 -0.2212630759155879 0.7010171846812834 0
1096 -2.251211799219345 0.5871021084240032 0
1097 -2.249684444949842 0.6941052693581516 0
1098 -0.2634515843471847 0.9790867841360203 0
1099 -0.2439366521733066 0.9790867841360203 0
1100 0.4311981656653997 0.8213705993392338 0
1101 0.4076882465973078 0.8432941723906152 0
1102 0.09621679790503884 0.6523176391299705 0
1103 0.01843740275006905 0.6035601289664072 0
1104 2.543178046352579 0.6452317123607509 0
1105 2.612272763664519 0.5866296588568474 0
1106 2.613468820759563 0.7148749082080273 0
1107 -1.317726337793438 0.921105541496134 0
1108 -1.2841818552315 0.8119854620645153 0
1109 0.1753396578133101 0.6194015688684111 0
1110 0.1709889552189696 0.5898085699063731 0
1111 -0.07531421992221497 0.9089339125392347 0
1112 -1.406085269191621 0.7581498426201595 0
1113 0.9052598368590716 0.7511811512856601 0
1114 0.8149602964907632 0.6858374112251593 0
1115 2.473221377040921 0.7151319463789056 0
1116 2.472025319945877 0.5868866970277257 0
1117 4.469652236207612 0.07490700976806171 0
1118 4.441506292672244 0.1427702708985519 0
1119 4.37185405646372 0.06786326113049024 0
1120 -2.469826205651393 0.07488344578732395 0
1121 -2.372319181858877 0.06780486555981717 0
1122 -2.442145387507271 0.1426883113471411 0
1123 3.780125183159293 0.5742726449801611 0
1124 3.734453406774992 0.6499354905733092 0
1125 3.67485801149602 0.5749436911805489 0
1126 0.5828201712166008 0.125620305804141 0
1127 0.4999190259806328 0.2044034994303957 0
1128 0.5170988547635487 0.07878319362625463 0
1129 3.781226662065388 0.7049371134486586 0
1130 3.675959490402115 0.7056081596490463 0
1131 -0.1255374146451301 0.8304137408283676 0
1132 -0.1438161762649928 0.8405784138044408 0
1133 -1.173420600863477 0.5720289232211964 0
1134 0.2090443638352412 0.6887353617176493 0
1135 0.216118774477892 0.666345417130792 0
1136 -0.7914812736826062 0.2525768404921024 0
1137 -0.6872648328077655 0.2099420424186464 0
1138 -0.2453810075713094 0.7144225826858139 0
1139 -0.2618783231381367 0.6981635747495771 0
1140 -0.3108687235217744 0.8503990405945802 0
1141 -0.3051048045845186 0.870848543738758 0
1142 2.110288974715772 0.2934895123554383 0
1143 2.079246714985739 0.2029425550832339 0
1144 2.182233068718681 0.2417980658037708 0
1145 0.4581235537099668 0.5622297619922981 0
1146 0.4774094293996161 0.609831756240912 0
1147 0.4018211962924559 0.5827889457017349 0
1148 0.005391734239548895 0.6949563927310856 0
1149 -0.003680230837558588 0.7154559959923412 0
1150 0.4467378412058902 0.4826452506203153 0
1151 0.5223260743130502 0.5096880611594924 0
1152 0.2106173607307766 0.4867528699724272 0
1153 0.2379573828542322 0.5216537652286801 0
1154 0.1851627654824044 0.5154301329600578 0
1155 0.1416914417978923 0.6869809141151031 0
1156 0.1209247956385026 0.6779167254873943 0
1157 -0.01258992337734006 0.8333036918273991 0
1158 -0.007311190119511118 0.8519900866165043 0
1159 -0.02629678729503715 0.842419019741474 0
1160 -0.1193333515897304 0.5301531923839841 0
1161 0.5357269253838796 0.829458159471548 0
1162 0.591039264527061 0.7845463910953896 0
1163 0.5952811864536551 0.8356706161855356 0
1164 -0.1775151678081495 0.6760018484340835 0
1165 -0.1634415762548316 0.6609599073130604 0
1166 0.01641368686369208 0.6680416853006708 0
1167 0.01955194655868736 0.6547456121817194 0
1168 -0.2418005451073223 0.6687880779948934 0
1169 -0.2167843226628204 0.6709398087160379 0
1170 -0.2380397267287992 0.7417162769853267 0
1171 -0.223829276521266 0.7567054356758258 0
1172 -0.2446615787805488 0.7281564416493574 0
1173 -0.2231601307415128 0.7286842972323448 0
1174 -0.008745616430782806 0.9802594870348625 0
1175 -0.0895018222340406 0.9206777928999017 0
1176 -0.08336159706799552 0.9424439971011555 0
1177 0.4525995664757029 0.9731281428241983 0
1178 0.4833696342230075 0.9731281428241983 0
1179 1.152423115634984 0.4490405492141422 0
1180 1.187297214902327 0.5350328049228533 0
1181 1.081882938502759 0.4869071483279399 0
1182 2.075595404492079 0.07562555426578318 0
1183 0.1665982105486316 0.09421860121443452 0
1184 0.06659821054871462 0.09421860121443452 0
1185 1.369848319065992 0.1902933085248892 0
1186 1.346552842398631 0.0823779606636995 0
1187 0.3515802888126641 0.9379719419200441 0
1188 0.3269899745794094 0.9398165305796351 0
1189 2.132524415469498 0.3633426771872075 0
1190 2.029538061736556 0.3244871664666705 0
1191 0.1915907599760962 0.4277545199169122 0
1192 0.2443853773479241 0.4339781521855345 0
1193 0.6703339456323856 0.08068421371917588 0
1194 0.6531541168494697 0.2063045195233169 0
1195 -0.07727068577189203 0.7100928894808556 0
1196 -0.08410246253524062 0.7276691398083621 0
1197 -0.1007162951828285 0.7164000475451295 0
1198 0.3306471824838477 0.7528094383845256 0
1199 0.3513965264971232 0.7414583520156826 0
1200 0.3539275060217643 0.7620385068468497 0
1201 -1.820613593305026 0.8818927506795438 0
1202 -1.737885536732163 0.8035347570893321 0
1203 -1.746376012985791 0.9216420064097883 0
1204 1.235213438550474 0.4064839674751913 0
1205 1.129799162150907 0.3583583108802779 0
1206 0.1792173503305543 0.5613033033336503 0
1207 0.01810449284691674 0.8333346611964594 0
1208 0.03987199018270364 0.8428871934567548 0
1209 1.467477970634863 0.6315310910315224 0
1210 1.536767835349463 0.5392920547407594 0
1211 1.541303965561436 0.6621148967038126 0
1212 1.591240072319469 0.7245010485177299 0
1213 1.660529937034069 0.6322620122269669 0
1214 -0.1640805772894638 0.9803991095434444 0
1215 3.167917000930428 0.4243338716195201 0
1216 3.063693429463698 0.4261605191883054 0
1217 3.103048753876156 0.3515412278915815 0
1218 3.182607467710006 0.5781452797533044 0
1219 3.131419314086191 0.6583328181606199 0
1220 3.077373522894155 0.5791407013235594 0
1221 1.873181286167082 0.8012122211886209 0
1222 1.823560670187248 0.7378461934916822 0
1223 1.909179212177805 0.6973409125917838 0
1224 -0.03649264382799843 0.860064256079383 0
1225 0.12797650142369 0.8321546021462518 0
1226 0.1140994747287443 0.8372705891267773 0
1227 0.1136636812539674 0.8173768108352378 0
1228 3.764151907246527 0.423110517639271 0
1229 3.660254394076608 0.4264395739892454 0
1230 3.703876513442814 0.3502692460411156 0
1231 0.0562739228451405 0.6364741994075342 0
1232 0.05138132317815729 0.6209780864929545 0
1233 0.3735343177194841 0.8354857186095132 0
1234 0.3827733338847685 0.8514584585814147 0
1235 -0.7517928341126658 0.329839208569572 0
1236 -0.8687444421817021 0.2917686890956954 0
1237 -1.701910725519104 0.1738323645528757 0
1238 -1.615648040702487 0.1220858476097711 0
1239 0.5084376352531986 0.8615005440823886 0
1240 0.5041957133266045 0.8103763189922426 0
1241 -2.569826205650905 0.07488344578732395 0
1242 -0.870476289490955 0.8171119469165801 0
1243 -0.2069761700287857 0.6317785001674239 0
1244 -0.2398353711852965 0.6289186401656501 0
1245 -0.2259870649263547 0.6057274303671895 0
1246 -0.6162112992149567 0.640607020456014 0
1247 -0.7017051265514173 0.5891020268189784 0
1248 -0.6340808343060618 0.5578612519762607 0
1249 -0.06781801874418077 0.7365837759741872 0
1250 -0.09126362815511718 0.7428909340384613 0
1251 4.569652236207764 0.07490700976806171 0
1252 -1.401041693702275 0.5426043144142481 0
1253 -1.41711889188722 0.4545128890728437 0
1254 -1.301302907789887 0.4767451109886268 0
1255 0.09612061436876369 0.5981785393302543 0
1256 0.1147305321741902 0.5744821757245797 0
1257 0.02325173584752796 0.6417326785499164 0
1258 0.005459262622697317 0.6363980703115641 0
1259 0.05579739472025862 0.6522775199495989 0
1260 0.03782094790839989 0.6442768998780071 0
1261 3.185231607980912 0.7425930807822296 0
1262 3.079997663165062 0.7435885023524846 0
1263 1.41979153293433 0.6947874467644604 0
1264 1.415255402722357 0.571964604801407 0
1265 -0.2234235976779311 0.9078840304767071 0
1266 -0.2421712032865282 0.9208119956571423 0
1267 0.1413802801335263 0.8175953734375325 0
1268 0.1418160736083033 0.8374891517290719 0
1269 -0.2650248442787885 0.8046363838041601 0
1270 -0.274990832703853 0.8245348963896914 0
1271 0.1471475899579956 0.8525098236831712 0
1272 0.1605513686678318 0.8379505949744519 0
1273 0.3357520849659209 0.6727643108218677 0
1274 0.3262223427670006 0.6464737264163625 0
1275 -0.4106914748287213 0.8745948630367926 0
1276 -0.4257707893039808 0.8982047878735454 0
1277 -0.03406869567266323 0.9539235070655437 0
1278 -0.05459547750267221 0.9616433487221442 0
1279 -1.498118993043324 0.4142913532191239 0
1280 -1.398380207130936 0.3484321497935027 0
1281 0.1075699232439047 0.8509428148388235 0
1282 0.4391561985746684 0.9376398233240135 0
1283 0.4416050225617743 0.9568321039794361 0
1284 0.4127648876614837 0.9482156416550529 0
1285 -1.023705021234766 0.2574688342879473 0
1286 -1.119488580360486 0.2215205131736885 0
1287 -1.004216440877362 0.178557999903967 0
1288 -1.050000000002941 0.07130483939485409 0
1289 -0.1514582141098414 0.6483575456730946 0
1290 -0.1715371054166479 0.6444241663622333 0
1291 -0.3109853393639147 0.8322769309316932 0
1292 -0.06100948522399021 0.9369658904238684 0
1293 -0.04140247962665199 0.9378938091885037 0
1294 -0.5536466084340506 0.5386541095381588 0
1295 -0.6391404357705112 0.4871491159011232 0
1296 0.08071529822407705 0.4218325335044009 0
1297 0.04685679221012916 0.4618775196334555 0
1298 0.0422553816467014 0.1619117248350901 0
1299 -0.02434282890201322 0.06769312362065555 0
1300 3.153636162669998 0.296081517997647 0
1301 3.049412591203268 0.2979081655664324 0
1302 0.10777884503159 0.9489713801779232 0
1303 0.09821406781357625 0.9364314134435499 0
1304 0.1162760132242782 0.9266087709997717 0
1305 0.4262082555625183 0.9837039611552377 0
1306 -0.9543231376018741 0.3070698151079124 0
1307 -1.069595277084998 0.350032328377634 0
1308 0.1526361346558368 0.6994311024307476 0
1309 0.1346110579818713 0.7081231805096186 0
1310 2.577554726372122 0.4364158669983911 0
1311 2.470417719075491 0.4366524920137537 0
1312 2.505990456190078 0.3560818960025738 0
1313 -0.1255222386751917 0.984824623541143 0
1314 -0.1146526332394955 0.9639667502491113 0
1315 1.749014393984314 0.7681828330647018 0
1316 1.785012319995036 0.6643115244678646 0
1317 3.753887013305378 0.2942062702670037 0
1318 3.649989500135459 0.2975353266169781 0
1319 0.1724774688216151 0.6397426062484306 0
1320 0.1750190689355791 0.6631562360790138 0
1321 -1.894717436992724 0.9263479731464379 0
1322 -1.886226960739096 0.8082407238259817 0
1323 0.03134706043680496 0.6735594317108424 0
1324 0.01041632751697903 0.6815208965914414 0
1325 0.3897110643173352 0.9422514882546751 0
1326 1.467483159843819 0.8771769664972879 0
1327 1.398619387514426 0.9239668171369109 0
1328 1.403150328517442 0.8011437836341988 0
1329 0.2154434644629443 0.7659721551767418 0
1330 0.2165169303024482 0.7839900631611258 0
1331 0.1983446795992456 0.7743967276589118 0
1332 -0.3547887957389292 0.2362875670446582 0
1333 -0.2557634314327339 0.1888426067795669 0
1334 -0.05459926038859719 0.7027292321428327 0
1335 -0.616617937756035 0.3792946667145002 0
1336 -0.6970521636280462 0.398501809152602 0
1337 0.02372826397240984 0.6259293580078518 0
1338 1.542338021462381 0.8054407439275437 0
1339 1.537807080459365 0.9282637774302558 0
1340 0.1198833690629568 0.4259474266362469 0
1341 0.118654672520069 0.4764143445719587 0
1342 0.04536712614921274 0.6808307991539013 0
1343 0.06028302955792492 0.6696692793327252 0
1344 0.06830573592361965 0.6904198580665548 0
1345 -0.3405722115344045 0.7787458017825054 0
1346 -0.3294351740087704 0.7563779854150576 0
1347 -0.3611415656125931 0.7841781505443381 0
1348 0.4649958691746204 0.8669832712593524 0
1349 -0.185892021147671 0.9488849237467946 0
1350 -0.2071710763827085 0.9521044411999861 0
1351 0.3523485550066123 0.9166223891943093 0
1352 0.3341122026333334 0.9016821514817304 0
1353 0.35240624497491 0.8978402723456713 0
1354 -0.02148795904662028 0.4536007131436657 0
1355 -0.06091904309097972 0.4077777090870984 0
1356 -0.4302147626912934 0.9337528291702243 0
1357 -0.4247421036309236 0.9139985981737242 0
1358 -0.4063410998717129 0.9432929502410599 0
1359 -1.415300998662828 0.921105541496134 0
1360 -1.901912198636164 0.7172677555461544 0
1361 -1.976016042323862 0.7617229780130486 0
1362 4.906492686516444 0.5509081215452039 0
1363 4.906492686516444 0.4509081215452179 0
1364 -2.90672345052467 0.4509393069516802 0
1365 -2.90672345052467 0.5509393069515415 0
1366 1.661563992935014 0.7755878594506977 0
1367 0.0802466819589831 0.9434612223842362 0
1368 0.08874385015167127 0.9210986132060848 0
1369 -0.130047453348631 0.648440323195739 0
1370 -0.1381429825104473 0.6319045822449119 0
1371 1.116387494665454 0.7171669612981344 0
1372 1.169255599235401 0.6350420090776148 0
1373 0.3698743311542407 0.934130062783985 0
1374 -0.2835485621873391 0.9832225939406488 0
1375 -0.2737910961004001 0.9623093780766692 0
1376 -0.1183558844775018 0.7172811410291563 0
1377 0.1294494886795451 0.955091330833594 0
1378 0.3712173821670318 0.8927007032531932 0
1379 -0.2098272665259714 0.8980908300950853 0
1380 -0.2128617259672781 0.9196216103035482 0
1381 -0.03138901414638495 0.3087494937478749 0
1382 -0.08831235505850069 0.2442470168888432 0
1383 -0.2352258631514811 0.7867143077436627 0
1384 -0.2558635368482574 0.7940271662680365 0
1385 -1.912163902125397 0.6416038446861763 0
1386 -1.82237482054063 0.6881215904991094 0
1387 0.3126339003313408 0.8002741722768673 0
1388 0.3150061824822527 0.7803221130990072 0
1389 0.3308058798575769 0.7933416523935529 0
1390 0.2956891569647932 0.7700048698978343 0
1391 0.3138611364910293 0.76307235001452 0
1392 0.3192500646073367 0.8314130289860093 0
1393 0.3408738661809853 0.826984564037873 0
1394 2.556563731741456 0.2997149676333087 0
1395 2.449426724444825 0.2999515926486713 0
1396 -0.5691373161097193 0.8103154333434741 0
1397 -0.5240667642223011 0.8243419846143071 0
1398 0.2492688230415734 0.8283928482296352 0
1399 0.2452782682405087 0.8112912614391119 0
1400 0.2673933160726879 0.8169497073283174 0
1401 4.315652145561755 0.2471385370893348 0
1402 4.214656514346377 0.2930165390437516 0
1403 0.3859095575311516 0.6158396156964207 0
1404 0.3666236818415025 0.5682376214478068 0
1405 4.447874907864327 0.9122764052473745 0
1406 4.54612623511875 0.9122764052473745 0
1407 0.03300661481094097 0.6061043502944978 0
1408 0.4861296711885658 0.7823914044966662 0
1409 0.4588403810578849 0.8144337891075069 0
1410 0.9606451827703737 0.3346680671019308 0
1411 0.9487122576809797 0.4198193693900065 0
1412 0.8623486012159369 0.3535725438727085 0
1413 -2.549562539321561 0.912659034838622 0
1414 -2.451987878451448 0.912659034838622 0
1415 0.07236436321370586 0.8069141855323074 0
1416 0.06003238655454134 0.7960860390514262 0
1417 0.07024144214249591 0.7857755017670781 0
1418 0.04645923603509008 0.8037652379144721 0
1419 -0.3711962811241901 0.5679538486710396 0
1420 -0.3464975301735897 0.61587252382444 0
1421 -0.3893050665405148 0.5924925946270139 0
1422 -0.03853502567046835 0.6016305452563544 0
1423 -0.09416358891987842 0.6600559117105913 0
1424 -0.1143219692050623 0.650693867485108 0
1425 -0.5166274356580015 0.6673269271557833 0
1426 -0.4922058944329461 0.6288118057724849 0
1427 0.3229736493527056 0.5140817268470852 0
1428 0.3353168778710478 0.5508797792505236 0
1429 0.2757552066209467 0.5297745546444879 0
1430 -1.782858796350067 0.4243928413105106 0
1431 -1.725421641645073 0.3627300430270867 0
1432 -1.685774951144403 0.4372659372535136 0
1433 0.1536513856801043 0.3731727088493543 0
1434 0.107570207932197 0.279901408998779 0
1435 0.1792775988453365 0.2817085022794443 0
1436 -0.2341469629591821 0.9627054111326563 0
1437 -0.224389496872243 0.9836186269966359 0
1438 0.2581736702102723 0.8451027751139972 0
1439 0.2105155034605257 0.7441817319652498 0
1440 0.2286877541637283 0.7537750674674639 0
1441 0.2455019150778179 0.7572322865073112 0
1442 0.2405739540753992 0.7354418632958193 0
1443 0.6024215041296899 0.6202259112837107 0
1444 0.6222690484910127 0.671882110468226 0
1445 0.5535593311784499 0.6409287717159906 0
1446 -0.1542417628147189 0.947816332997057 0
1447 -0.1711259146256267 0.9390908588960332 0
1448 -0.1533259802523021 0.9261089728062013 0
1449 -0.1849762385852542 0.9271775635559389 0
1450 4.381680805981761 0.2087389153165939 0
1451 0.07873600449466553 0.6618665788622524 0
1452 -2.382635774570391 0.2084671338283401 0
1453 -2.31703507939274 0.2487873250421695 0
1454 -2.217459921787074 0.2954568236718518 0
1455 0.04708005466747893 0.7235234541191651 0
1456 0.02803539567764101 0.7296875828157503 0
1457 0.03434517352506955 0.7077455065843161 0
1458 0.1721485348124426 0.6968830711675837 0
1459 0.1650681509964216 0.7180253375620993 0
1460 -1.2522873645403 0.09160826000735009 0
1461 -1.35228736454058 0.09160826000735009 0
1462 -0.07694758934667752 0.9671214553994313 0
1463 -0.06830226260851371 0.987979328691463 0
1464 0.14694415433076 0.8691995084120187 0
1465 -0.09870012128727167 0.8464836186322684 0
1466 0.1483030791485364 0.8891777857912022 0
1467 0.1297712197162434 0.8720266578169749 0
1468 -0.1351983563743069 0.9522418469947556 0
1469 0.3643818484361376 0.4718080609342691 0
1470 0.428584369039221 0.4192663601014635 0
1471 -0.5136013140476176 0.9650333404675238 0
1472 -0.4954224628581344 0.94592369935606 0
1473 -0.4746591098439064 0.9808903588885363 0
1474 -0.3551828824008256 0.7078746700225443 0
1475 -0.3734281734536622 0.6825346020215797 0
1476 -0.3463610245370777 0.6657513377813788 0
1477 -1.030914442787058 0.4894273096549804 0
1478 -0.947521525740123 0.4457128491259491 0
1479 0.2303847451877706 0.7991499465096927 0
1480 0.2485092382188851 0.7877068056083749 0
1481 -0.07299827032776615 0.9528061467386495 0
1482 -0.2406000057551979 0.6503594726977981 0
1483 -0.259610900652767 0.6243084028975638 0
1484 -0.2567399090276394 0.8436797338650623 0
1485 -0.2416807758596716 0.8276976759711863 0
1486 -0.2740766749202371 0.8447343184785185 0
1487 -0.2922109827543104 0.8437115906660346 0
1488 -0.5551280200760735 0.9650333404675238 0
1489 -1.76316346894283 0.2965993124068327 0
1490 0.3904793305112834 0.9209019355289403 0
1491 0.2907252011908806 0.8417918202597232 0
1492 0.293272268522362 0.8571753570629898 0
1493 0.2739309382052341 0.8494348309221073 0
1494 0.1007024327427051 0.6697093985130967 0
1495 0.1034440022281293 0.6874656652196764 0
1496 2.740080841102453 0.08567113318373309 0
1497 2.640080841102301 0.08567113318373309 0
1498 0.6045953386233907 0.5449001480187003 0
1499 0.6733050559359535 0.5758534867709357 0
1500 -1.150000000003221 0.07130483939485409 0
1501 -1.20228736454016 0.1629130994022042 0
1502 0.2846779641543695 0.8258106161724712 0
1503 0.3040192944714975 0.8335511423133537 0
1504 0.09745240610722478 0.7685806402377505 0
1505 0.09796015481380525 0.7460454708666304 0
1506 0.112510826067087 0.7606593694657471 0
1507 2.012500168955652 0.5801419014940037 0
1508 1.96115776419641 0.6433935536773128 0
1509 1.910901000957212 0.570723232711536 0
1510 0.396707079698414 0.8644566102573367 0
1511 0.1752247906428888 0.9403883443320743 0
1512 0.5932096261193139 0.4653156366467175 0
1513 -0.200029530188511 0.5125372655225505 0
1514 -0.1600292503149661 0.5212109828489733 0
1515 1.331599611135021 0.2639209589085246 0
1516 1.291341511268211 0.3394438628154886 0
1517 0.5864194713640076 0.8987504861900237 0
1518 0.6417318105071891 0.8538387178138653 0
1519 3.339579666326912 0.08458508401417429 0
1520 3.239579666326761 0.08458508401417429 0
1521 0.1851961027763143 0.7828227814921661 0
1522 0.1841226369368104 0.764804873507782 0
1523 1.408342245400996 0.2894583461060148 0
1524 -1.648801352115679 0.9216420064097883 0
1525 1.777198056974918 0.2470686961118055 0
1526 1.66353180513856 0.2403600518773242 0
1527 3.938020916285224 0.0831575315264243 0
1528 3.838020916285071 0.0831575315264243 0
1529 0.3510297298424313 0.8065756894845533 0
1530 0.3534020119933433 0.7866236303066931 0
1531 -0.4249142996937032 0.5964156427026435 0
1532 -0.4002155487431027 0.6443343178560439 0
1533 0.2013550411459755 0.7084146065344474 0
1534 0.2209446621501166 0.7166682755129656 0
1535 0.2041701721571686 0.7237309752774537 0
1536 0.1909258824563846 0.7359280629867315 0
1537 1.738240179403624 0.4026150225138956 0
1538 1.66159250143478 0.4356013859977614 0
1539 1.643780133600418 0.3453172380442797 0
1540 0.01819385826301593 0.9165160298164037 0
1541 -0.0416589146673265 0.7191821692239346 0
1542 2.417688047758319 0.2064305911131807 0
1543 2.367114772206941 0.2627975194824458 0
1544 -0.4551052577486097 0.08895188264814125 0
1545 -0.5551052577488897 0.08895188264814125 0
1546 1.683323188757011 0.5313875154402135 0
1547 1.588863142953805 0.4740897309705976 0
1548 3.613265110921301 0.2068314566916171 0
1549 3.563254611058738 0.2628944324657291 0
1550 -0.299283075055183 0.7335297769466855 0
1551 -0.2756807663386232 0.7285759529903659 0
1552 -0.4988338783002653 0.8083561427477149 0
1553 -0.5075520346595375 0.7590877463394797 0
1554 4.361384561952585 0.944226273769853 0
1555 4.398767433343447 0.8565026790172277 0
1556 0.9674543373050624 0.2280267903249147 0
1557 1.053817993770105 0.2942736158422127 0
1558 0.0717196437704818 0.5290734080506356 0
1559 0.09203730511283685 0.5543579038461638 0
1560 -0.2408989900437855 0.5713448215993717 0
1561 0.4492642078034385 0.8493555138348102 0
1562 0.4170988547636225 0.07878319362625463 0
1563 0.08273757682780175 0.7752851949432966 0
1564 0.09728824808108347 0.7898990935424133 0
1565 -0.2198632455647423 0.7867623838061757 0
1566 -0.2143690407114473 0.7687410011040386 0
1567 -0.2031120119234207 0.7843366461268769 0
1568 0.1240319588704111 0.7719188632282783 0
1569 0.1245397075769916 0.7493836938571582 0
1570 4.205825396043561 0.1062628829032311 0
1571 4.137155604017774 0.1787626038754946 0
1572 4.131330207972997 0.07249972097226348 0
1573 -0.4225713166594448 0.98152359061878 0
1574 -0.4010562012047206 0.98152359061878 0
1575 -0.1205736318554365 0.7486509114036071 0
1576 -0.1446317150915721 0.747103073283834 0
1577 -0.1316061551823126 0.7324284597528632 0
1578 -1.841731834279085 0.08260579103773301 0
1579 -1.94173183427864 0.08260579103773301 0
1580 -2.403355237707388 0.8570299781285422 0
1581 -2.365919394035266 0.9443709432899201 0
1582 -1.221775944897564 0.2418239337861845 0
1583 1.04048386922666 0.8685746542388451 0
1584 0.9874895770895619 0.9347939588930699 0
1585 0.9580265364931076 0.8033686131319151 0
1586 0.1445248634156789 0.9487729406693767 0
1587 0.1386345799456256 0.9280449052954728 0
1588 0.1573186529190125 0.9376691082307044 0
1589 0.1693345071728356 0.9196603089581704 0
1590 0.1408082956100657 0.7406082782224763 0
1591 0.1292871628067416 0.729348784459945 0
1592 3.463265110921074 0.08609528127018408 0
1593 3.402844777250418 0.1706803652843584 0
1594 0.3230106213668059 0.6180924967948516 0
1595 0.3539237644803929 0.6296695210640035 0
1596 3.013661786483789 0.2077045782364259 0
1597 2.963074377689947 0.2631642881303604 0
1598 0.8893345426113622 0.9347939588930699 0
1599 -1.113803600532171 0.514073954765485 0
1600 -1.083102551197219 0.4242799543081037 0
1601 2.863661786483562 0.08648035040017692 0
1602 2.803742627589359 0.17215148358391 0
1603 2.010778380176244 0.7067595813742514 0
1604 -0.4914902167561749 0.9172625790189681 0
1605 -0.4525480125524638 0.9331195974399806 0
1606 -0.3135852590387023 0.6668223105729942 0
1607 -0.2809156992600402 0.6625798306937736 0
1608 -0.3059904058357906 0.8898097689797032 0
1609 -1.228178633346361 0.3445425166024457 0
1610 -1.310977417526035 0.2859351028309614 0
1611 -1.391977518682139 0.2457135669772415 0
1612 0.007423068174388288 0.7362068855967583 0
1613 -0.01155767719840193 0.7377532463081981 0
1614 2.749462484890448 0.2568162393532258 0
1615 2.873043430271557 0.2576254565696697 0
1616 -0.2557892338570321 0.9351913744505778 0
1617 -0.2683706487318092 0.9463804709637155 0
1618 -0.2704657643285956 0.9233982771422524 0
1619 -0.2400760876897417 0.9437941894786053 0
1620 -0.01587688770637721 0.8151601928252117 0
1621 0.003108709469148823 0.8247312597002419 0
1622 4.488487016476649 0.5489715597534411 0
1623 0.154230989329252 0.7325742122363781 0
1624 0.149483534099502 0.7526091216335913 0
1625 1.009113206637694 0.4649975268140312 0
1626 0.9108166250832573 0.4839020035848089 0
1627 -0.1636297603489586 0.8677710199041868 0
1628 -0.1453195165583247 0.8762916194398169 0
1629 -0.1612170577595882 0.8875394610799694 0
1630 -0.3030634943612173 0.9832225939406488 0
1631 4.5835444592242 0.5523637460994868 0
1632 4.547854810669793 0.6388308293185866 0
1633 -0.5950329476282632 0.3147010159851275 0
1634 -0.5371212197707281 0.4033483227336487 0
1635 -0.03405831126394286 0.7680424216661863 0
1636 -0.02072113562995796 0.7554969384298899 0
1637 -0.03182443464190483 0.7347460488254729 0
1638 0.04190057591192239 0.3145275116753875 0
1639 3.346813445506243 0.2540800963869693 0
1640 3.470498890100405 0.2555902936429791 0
1641 0.06038959962626146 0.7151149152673053 0
1642 0.05407982177883293 0.7370569914987395 0
1643 -2.493885412383519 0.5517422291499626 0
1644 4.400251821833116 0.7799213303885413 0
1645 4.313761475921374 0.8118711989110199 0
1646 -1.750000000003054 0.05216152568808487 0
1647 -1.791731834279314 0.1347673167258179 0
1648 0.3113301569663882 0.7424921951833527 0
1649 -0.4812954122303581 0.5769700825434549 0
1650 0.8522655447219732 0.817400455939885 0
1651 0.0729427276382342 0.7075807692991429 0
1652 0.0799424947495882 0.7211143066787175 0
1653 0.01137563670313926 0.5256121412354819 0
1654 -0.3578464381132173 0.3849329103032537 0
1655 4.727948813225115 0.5720196293780465 0
1656 4.832200268847059 0.5773127720569793 0
1657 4.747163709039286 0.6475161583435651 0
1658 -1.630034891824502 0.5096504140177012 0
1659 -1.602649070209849 0.5850695574284637 0
1660 -1.715826284234744 0.5743478789476999 0
1661 -1.536083303316881 0.6232954925367757 0
1662 -1.621874695727122 0.6879929574667744 0
1663 -0.1999582198934232 0.8826860559062918 0
1664 -0.1948294188382542 0.8685664311043642 0
1665 0.5382903521213293 0.3406720806978958 0
1666 0.6342722285809625 0.2964857558112648 0
1667 0.6069222382686068 0.3859172249008785 0
1668 0.2132859603240719 0.8075745189918627 0
1669 0.3844197006968481 0.6828212772590772 0
1670 0.3844520716004739 0.707399614867094 0
1671 0.3571678567842134 0.6826290882935313 0
1672 1.095856216282506 0.7968014099258542 0
1673 1.12531925687896 0.9282267556870091 0
1674 4.564085016336266 0.7333879130796906 0
1675 4.650311140156868 0.7507731293593318 0
1676 4.571483903075791 0.8419380267743902 0
1677 -0.1893963481827703 0.8944236357331328 0
1678 0.03936976680249969 0.694310010444672 0
1679 0.08785863104694637 0.696419249477967 0
1680 3.858123807365919 0.9146731417648247 0
1681 3.956375134620341 0.9146731417648247 0
1682 4.726181231303373 0.7251248822824435 0
1683 4.733580118042898 0.8336749959771431 0
1684 -2.73117349939652 0.5732205159462911 0
1685 -2.750300852202382 0.6488887770840308 0
1686 -2.832574253855204 0.5775468750394358 0
1687 4.077030858965386 0.913005186284612 0
1688 4.175282186219808 0.913005186284612 0
1689 3.381277522873381 0.9143799640653338 0
1690 -2.588268086176674 0.555005481424667 0
1691 -2.554517423950544 0.6412991657161817 0
1692 2.792592696511833 0.9111978810114199 0
1693 -2.404745937833534 0.780475279949888 0
1694 -2.318677453417351 0.8121871884011861 0
1695 3.489374180928129 0.9148101066670824 0
1696 3.587625508182551 0.9148101066670824 0
1697 0.2627966095161972 0.7545277461613602 0
1698 0.2509104096045263 0.7728609503330047 0
1699 2.090763325305303 0.9157090809061774 0
1700 2.189014652559725 0.9157090809061774 0
1701 -0.188324165665741 0.6328069091855811 0
1702 -0.2021724719246828 0.6559981189840418 0
1703 -2.181937438521604 0.9144721101860347 0
1704 -2.084362777651492 0.9144721101860347 0
1705 0.06183600583699672 0.7497161359946165 0
1706 0.07040560016863723 0.7644570484624154 0
1707 4.904725104594702 0.8040133744498641 0
1708 4.830432686925317 0.7304180249613763 0
1709 4.925707582330615 0.7264046505109856 0
1710 4.469027573588716 0.729995726733645 0
1711 -0.1941204751253099 0.8160728795837808 0
1712 -0.1946099356829533 0.7963914518742916 0
1713 0.4135568097627478 0.8743726550820861 0
1714 0.3886418970502085 0.8825369412728856 0
1715 0.2141621749034578 0.6319567894790006 0
1716 0.2112999859117627 0.65229782685902 0
1717 0.1931838083909955 0.6276825987417758 0
1718 -0.2665224978460734 0.07344029378176661 0
1719 -0.3665224978463537 0.07344029378176661 0
1720 1.956504341635277 0.8305934371855135 0
1721 1.87088579964472 0.8710987180854122 0
1722 -2.905558001324488 0.8043133740968629 0
1723 -2.925850803330533 0.7266075680885877 0
1724 -2.831408804655021 0.7309209421854508 0
1725 -2.569161909933634 0.734940243834065 0
1726 -2.574647294996939 0.8427822625835812 0
1727 -2.654385482807003 0.7524044367404021 0
1728 0.2042743924942753 0.5788362947890335 0
1729 1.201222882317754 0.7768190627462983 0
1730 -0.7743153321271421 0.437693657756195 0
1731 0.4317006894138475 0.9102855999576259 0
1732 0.1080809939427439 0.7046265764522646 0
1733 -2.730008050196337 0.726594583092306 0
1734 -2.735493435259641 0.8344366018418221 0
1735 0.08769867880775199 0.7337734511745946 0
1736 0.07514555079577925 0.7413075971427567 0
1737 3.378645640321284 0.5792626314068389 0
1738 3.421142053550024 0.4978523230035953 0
1739 3.470682350366104 0.5824319674116498 0
1740 3.371786450930717 0.4168365058721871 0
1741 3.463823160975537 0.4200058418769981 0
1742 3.978993938659004 0.4094506777611892 0
1743 4.077051926943833 0.4132610613150132 0
1744 4.019624146346485 0.4989731935182004 0
1745 3.969645521630362 0.5793707945769896 0
1746 4.067703509915192 0.5831811781308136 0
1747 2.778883830282411 0.4234198556244436 0
1748 2.870181293091881 0.4223125723068674 0
1749 2.830301835801647 0.5034422155923255 0
1750 2.789873502515703 0.5842525433881387 0
1751 2.881170965325174 0.5831452600705624 0
1752 2.201397800746563 0.5849278881860525 0
1753 2.239973000434733 0.5047746254657934 0
1754 2.290938639651274 0.5844916750073075 0
1755 2.181853744989368 0.4187779308602569 0
1756 2.271394583894079 0.4183417176815118 0
1757 4.015919266129949 0.8276783280494368 0
1758 3.442672939872266 0.8291900707324164 0
1759 -0.2239688343634545 0.802309952766501 0
1760 -1.793642559795135 0.2042766299025238 0
1761 0.6088499226411969 0.9584592939091767 0
1762 0.5648556710363142 0.9743757258028444 0
1763 0.5888758438126591 0.9328350197120211 0
1764 2.417688047758318 0.1352710531376993 0
1765 2.499999999996202 0.1724251263039248 0
1766 0.6690621580240691 0.9584592939091767 0
1767 -0.4018971264844001 0.907744908944381 0
1768 -2.47477923614048 0.7316769915593606 0
1769 2.715945375529678 0.3490677416630983 0
1770 2.646644572847479 0.2635937686773386 0
1771 3.613265110921301 0.136110216782393 0
1772 3.699999999998023 0.170751110933642 0
1773 3.013661786483789 0.1367809942242842 0
1774 3.09999999999711 0.1715248716603563 0
1775 0.06752678907715459 0.2230633051054775 0
1776 -0.02341425037357325 0.1965378275116985 0
1777 2.295536359019786 0.9122439402466422 0
1778 3.956494213491987 0.7464625313596261 0
1779 4.077149937837032 0.7447945758794134 0
1780 2.23558817470333 0.8279530211528197 0
1781 0.1027570987676142 0.725852180402591 0
1782 3.381381109477442 0.7463011019727807 0
1783 3.489477767532189 0.7467312445745292 0
1784 2.840431897856674 0.8248994279201687 0
1785 2.886310001747554 0.9137015469087488 0
1786 -1.96037026808871 0.5826712929318614 0
1787 -2.054420251075412 0.5883436817600105 0
1788 -2.023089238943192 0.5002649649586505 0
1789 -1.988098949612671 0.4080282740962138 0
1790 -2.082148932599373 0.4137006629243628 0
1791 4.031330207972846 0.07249972097226348 0
1792 0.6891915025789472 0.4211293117600864 0
1793 0.4262391272164774 0.7470203392222852 0
1794 0.4489302222202585 0.7039376603126598 0
1795 0.4634654339236273 0.7433661957023051 0
1796 -2.206718486680945 0.1081250567736465 0
1797 -2.134405928520021 0.07029256676846853 0
1798 -2.141124415198529 0.178417623542115 0
1799 4.124036255672345 0.2681321556822321 0
1800 4.127041977930384 0.3486229289195215 0
1801 -0.3048846771811224 0.9180544657472489 0
1802 -0.3240150410886752 0.9213368686850272 0
1803 -0.3129959333222669 0.9030385537485903 0
1804 -0.3251207697433434 0.8930921719174815 0
1805 2.274325711984575 0.2508107705114652 0
1806 2.30606438867108 0.3443317720469559 0
1807 -2.130297808314153 0.2688570428046096 0
1808 -2.134320756741773 0.3480637529291684 0
1809 -0.4831565449612167 0.8801272811754068 0
1810 -0.4924644375498934 0.8398102433813328 0
1811 -0.1795810175120631 0.8544032959414434 0
1812 -0.1636834763107996 0.8431554543012909 0
1813 -0.202671109190996 0.8308513852523425 0
1814 -0.2171568508424017 0.8171365344975757 0
1815 -0.1763408035207508 0.6202045475456153 0
1816 -0.1509683057520658 0.6177562827627949 0
1817 0.2729131296494689 0.9589381520927921 0
1818 0.2624816207930145 0.9469501905405793 0
1819 0.2474242379604059 0.9372439590241025 0
1820 2.980167286181367 0.7433656667741863 0
1821 2.590080841102226 0.2074634653234362 0
1822 2.590080841102226 0.1363039273479548 0
1823 2.549999999996277 0.0506327941642217 0
1824 2.190714954103187 0.7480315497699607 0
1825 2.297236660563247 0.7445664091104256 0
1826 0.1412792569914895 0.9044730040264795 0
1827 0.1290698027276119 0.9155049385610994 0
1828 0.1189206902701421 0.9030368697307783 0
1829 2.793728612330092 0.7431756749446077 0
1830 2.887445917565812 0.7456793408419367 0
1831 -2.925850803330533 0.6266075680892812 0
1832 4.925707582330615 0.6264046505107224 0
1833 2.372089265898806 0.7406374057695825 0
1834 -0.5854468784222375 0.9288129936460672 0
1835 -0.6221837585146975 0.8776511445316728 0
1836 4.271854056463568 0.06786326113049024 0
1837 4.277679452508345 0.1741261440337213 0
1838 -0.6323589685607055 0.6944517549187477 0
1839 -0.5943603864539322 0.7723993486225114 0
1840 0.3931903827740741 0.7291396121553232 0
1841 -0.2484927593807243 0.8128710942401114 0
1842 -0.1892409335872207 0.1154023129978003 0
1843 -2.057985250153229 0.2310245527994316 0
1844 0.3426582153235229 0.7197183547274533 0
1845 0.3659385388614395 0.7289474231897773 0
1846 3.310869941849559 0.3443523025341931 0
1847 3.243215828999571 0.2594423741755724 0
1848 3.507223279314563 0.34629416356834 0
1849 -0.1144759178315094 0.6120101663770559 0
1850 -0.09888847582117399 0.6009327778381588 0
1851 -2.279037668537104 0.1759299223334637 0
1852 -2.272319181858596 0.06780486555981717 0
1853 -0.3248346413154658 0.9833687122937984 0
1854 -0.315659220894803 0.9665913062344473 0
1855 -0.4449045665206151 0.9808903588885363 0
1856 3.285614770359779 0.7430486623605164 0
1857 3.808998143738708 0.7949780330270226 0
1858 3.867492060111585 0.7393053639512854 0
1859 2.243283452254541 0.1602638132392608 0
1860 0.2202981285048055 0.6055737461748003 0
1861 -0.3542627299039989 0.9583049847268867 0
1862 -0.3543149759785441 0.9726137788128195 0
1863 -0.3711473380334914 0.9641813389521093 0
1864 -0.2205289323886782 0.9483260323392209 0
1865 4.80647377734028 0.9040133744501274 0
1866 4.730603686193774 0.9296616215270157 0
1867 -0.8132180133100623 0.9399934340720633 0
1868 -0.7322754907571176 0.9399934340720633 0
1869 0.3026900814007306 0.8717127201604037 0
1870 0.285895818415084 0.8793557308227877 0
1871 -0.1529982907476315 0.9652237330845874 0
1872 -0.1450371708490518 0.984824623541143 0
1873 0.1798378575017083 0.6772038263507856 0
1874 0.1922698738422932 0.6957980614821373 0
1875 4.049541067601782 0.2343689937512645 0
1876 -0.1294026920381486 0.8849542969374966 0
1877 -1.992292097862836 0.9263479731464379 0
1878 3.189579666326683 0.2058093118504233 0
1879 3.189579666326684 0.1348857278382816 0
1880 3.149999999997188 0.05030064382410732 0
1881 -0.3915066715200597 0.970768657137801 0
1882 -0.3807491137926977 0.9892450665190211 0
1883 2.963661786483715 0.08648035040017692 0
1884 -2.807983340454375 0.904313374096863 0
1885 -2.732360773065041 0.9301232277449591 0
1886 -0.8665099354863071 0.8834850054271723 0
1887 4.914813003500454 0.3719574759276673 0
1888 4.914813003500454 0.2719574759279588 0
1889 -0.04898346810513386 0.8044509490376689 0
1890 -0.02935212500364548 0.8036638636687883 0
1891 -0.04676007255591325 0.7843821877540884 0
1892 -2.914890944536094 0.2720422957383921 0
1893 -2.914890944536094 0.3720422957388082 0
1894 -1.417935405239465 0.1615325819290363 0
1895 -1.465648040702807 0.0699243219216862 0
1896 0.09118003668034104 0.8095482230318614 0
1897 2.640493181124856 0.5107679809597363 0
1898 2.71078395553184 0.5804111768070128 0
1899 1.278020358444375 0.7725591241962002 0
1900 1.294661562861263 0.6662027873264618 0
1901 1.350927760604937 0.7415772974040833 0
1902 -0.3048959294440426 0.9513989842824917 0
1903 -0.3266670763982911 0.9515451026356414 0
1904 -1.836125680902944 0.4967606558337194 0
1905 -1.875772371403613 0.4222247616072926 0
1906 0.3146840719792442 0.907178681125285 0
1907 0.3147417619475419 0.888396564276647 0
1908 0.1183424699487971 0.7168985961443004 0
1909 4.225910427443019 0.7806501114257789 0
1910 4.224426038953349 0.857231460054465 0
1911 3.636751171809762 0.7951149979292803 0
1912 3.722732745692511 0.8305384958155895 0
1913 3.636751171809762 0.8650437112204741 0
1914 3.808998143738708 0.8649067463182163 0
1915 0.7703339456321252 0.08068421371917588 0
1916 -0.7046379209081097 0.9037730872506067 0
1917 -0.6641666596316376 0.9637796531785434 0
1918 2.908794234991035 0.3478290438996762 0
1919 0.145130155261937 0.9855169619665215 0
1920 0.1481335616529321 0.9647155337688256 0
1921 0.5218122635894162 0.9743757258028444 0
1922 -0.1948831348000953 0.8439508655014683 0
1923 0.2646756074662683 0.8767276202923002 0
1924 3.589977916519366 0.7401133750539309 0
1925 4.158906643494847 0.7378999379646932 0
1926 2.175595404492197 0.07562555426578318 0
1927 -2.232270158773801 0.7822883552973007 0
1928 -2.161886450180146 0.7407611344329205 0
1929 -0.3914544254455145 0.9564598630518683 0
1930 1.300368060260004 0.9239668171369109 0
1931 2.367688047758242 0.08463825897347758 0
1932 2.267688047758091 0.08463825897347758 0
1933 2.676065918239443 0.4301973849485564 0
1934 2.056337783623239 0.5063412095863827 0
1935 2.106594546862436 0.5790115305521595 0
1936 -0.3599818627457938 0.5339979782560662 0
1937 -0.3171743263788688 0.5573779074534924 0
1938 3.563265110921226 0.08609528127018408 0
1939 0.3048201771860364 0.4507028363282334 0
1940 -2.230879458647656 0.8588430534759549 0
1941 0.02032510781266177 0.7004741391412573 0
1942 0.2917038173963512 0.6007346545975684 0
1943 0.3194052391097436 0.5839304492452093 0
1944 0.3132028275708256 0.8154318248987573 0
1945 0.2687928764624989 0.3176954241549949 0
1946 0.2227116987145917 0.2244241243044195 0
1947 -2.748092985436444 0.2519070145640397 0
1948 -2.752447591328271 0.1541050482835843 0
1949 -2.686510460468636 0.2200421791434926 0
1950 -2.745329850264533 0.4798194739539293 0
1951 -2.663056448611712 0.5511613759985243 0
1952 -0.3510090358937723 0.90734262552917 0
1953 -0.3387078802692172 0.9199252784627642 0
1954 4.655070078876648 0.5507196241748973 0
1955 4.74010663868442 0.4805162378883115 0
1956 -1.468615822467925 0.5972303473732579 0
1957 -0.2602606035585958 0.7274545624387958 0
1958 0.2676258110832154 0.9838381525868068 0
1959 -0.1364114476470808 0.4941946677467842 0
1960 3.268188834424045 0.4221987836607902 0
1961 2.043933148200455 0.7960625510505386 0
1962 2.041637661678092 0.8659490479473297 0
1963 -1.225608709273637 0.5068815678743197 0
1964 1.636058407713787 0.9282637774302558 0
1965 -0.3443495734893439 0.9833687122937984 0
1966 -0.09300015133973558 0.8292278384316595 0
1967 -0.1103767423280346 0.816932728652169 0
1968 -0.1247394610651951 0.8111526371686488 0
1969 4.748771382318303 0.2512286176815013 0
1970 4.686964784094892 0.2195675898404876 0
1971 4.752735363277615 0.153797010657906 0
1972 3.788020916284994 0.2038937069478574 0
1973 3.788020916284994 0.1331724670386333 0
1974 3.749999999998099 0.05001493551220897 0
1975 -0.3413599155788331 0.9501335124133783 0
1976 -0.6062102314364655 0.9637796531785434 0
1977 0.4373536537821353 0.8739200814910794 0
1978 4.821305690016897 0.4228655974739102 0
1979 0.7376947533389264 0.9458011620969362 0
1980 0.8218860634569858 0.9458011620969362 0
1981 3.821047972970988 0.4972218277758885 0
1982 3.864670092337195 0.4210514998277588 0
1983 -2.821614395060765 0.4229816026888241 0
1984 -0.06381549837429104 0.5900712169501723 0
1985 -1.572597737119508 0.4479876157342773 0
1986 -2.615258738830124 0.1360035522188425 0
1987 2.714639065346228 0.7393343083634818 0
1988 4.595702284683505 0.4608603546097518 0
1989 4.632352358939351 0.9296616215270157 0
1990 0.06877592907809515 0.9876915430054023 0
1991 0.07433384798677053 0.967088554316253 0
1992 0.3891212789313463 0.6442208453179317 0
1993 0.4164054937476068 0.6689913718914944 0
1994 -0.1215889902563979 0.7804985749635142 0
1995 -0.128451521365288 0.7949045625803286 0
1996 -0.1404617228735862 0.7777315125513924 0
1997 3.956231775914159 0.2450268043054253 0
1998 3.922097872934542 0.3353393676245717 0
1999 3.84190792959235 0.256627626371995 0
2000 -0.1921270185462871 0.6909435381660795 0
2001 -0.1981323182997757 0.6719682177341951 0
2002 0.0019473119453303 0.9657850045821345 0
2003 0.01069292837611311 0.9855255175472719 0
2004 -0.56473467631535 0.66321098007603 0
2005 -2.634786112194929 0.9301232277449591 0
2006 4.675114353735765 0.3881077147746226 0
2007 -0.0797621432176267 0.5892132414806577 0
2008 4.61511661873517 0.1359750011765078 0
2009 -0.5923700905548344 0.2342755626311308 0
2010 -0.6051052577490298 0.1535702450837981 0
2011 -0.650000000001821 0.06461836243565687 0
2012 -2.602424437044687 0.4616044394323052 0
2013 -2.068086722112518 0.7498471150526455 0
2014 -2.05240148421545 0.8408200833324726 0
2015 3.771858409319722 0.9502336045533916 0
2016 -0.2615760745747927 0.664177840726807 0
2017 4.263133234698163 0.944226273769853 0
2018 4.756313405068243 0.3304570743602213 0
2019 4.74842695566843 0.4015655922707609 0
2020 -2.821906002684134 0.2650272375900418 0
2021 3.6736070820653 0.9502336045533916 0
2022 1.586884127169716 0.2733464153611901 0
2023 1.50686170448177 0.2970671486252625 0
2024 2.003334518740125 0.9502399670411523 0
2025 4.822083984250966 0.2646864951776397 0
2026 3.332419598019703 0.6605898362026292 0
2027 4.218322871244197 0.5120342573798256 0
2028 4.149460215573008 0.5762865402160934 0
2029 0.06756822037381491 0.9528668234207809 0
2030 0.05218516873969738 0.9611613551153325 0
2031 3.928722731818667 0.6564216117812621 0
2032 -1.487841447985198 0.7001537474115687 0
2033 -0.2131002011132682 0.9331932195459351 0
2034 -0.1995038699613085 0.9234000191643132 0
2035 2.435747914298489 0.5106624376483098 0
2036 2.364183644116445 0.4303284666524925 0
2037 3.616854275737582 0.5001512522979035 0
2038 3.571182499353281 0.5758140978910515 0
2039 -2.034405928519769 0.07029256676846853 0
2040 3.025080487564543 0.5006440475954965 0
2041 2.960212240510271 0.427851403867558 0
2042 3.88064336824996 0.5722136271686489 0
2043 -0.09219169138831446 0.3995161130651109 0
2044 -0.1689836467430545 0.4111978006301783 0
2045 0.7529503191616218 0.5534947759313069 0
2046 0.750776484667921 0.6288205391963173 0
2047 3.228833510011587 0.4968180749575141 0
2048 3.282879301203622 0.5760101917945747 0
2049 -0.434147008793253 0.9624139495073163 0
2050 2.095911700219059 0.7421151921360677 0
2051 0.02735284356010804 0.92763559008916 0
2052 0.007970732546836256 0.9316552465160109 0
2053 -2.268344733165154 0.9443709432899201 0
2054 2.933464000654785 0.6616419137986251 0
2055 0.5424252197591251 0.9146669180836915 0
2056 0.5064389628413677 0.9475038686270427 0
2057 2.327216045298662 0.6607159343867235 0
2058 0.2801184821138198 0.7935513767600578 0
2059 0.2974031301955015 0.8024122856042117 0
2060 0.2806874093533048 0.8087090293819479 0
2061 -2.679684327028267 0.3878022397150552 0
2062 2.101102832010152 0.4497755849714891 0
2063 -0.3754740922345848 0.8413442681071837 0
2064 -0.3795947340733978 0.8216356317227428 0
2065 -2.220131042006199 0.5137817610705173 0
2066 -2.148219979143041 0.5792577011402855 0
2067 -0.4216277555938426 0.1623921764299079 0
2068 0.05809800271190994 0.9375340231833158 0
2069 1.801787286121176 0.3345372514211401 0
2070 1.819599653955538 0.4248213993746219 0
2071 1.85914797647722 0.5001853754978022 0
2072 1.922695083194772 0.4321076044050467 0
2073 -2.755968871824499 0.33096436844995 0
2074 -2.753497344275956 0.4009224627410573 0
2075 0.1951404079654296 0.6620712263935673 0
2076 0.3028018949693363 0.9546843959204362 0
2077 0.3105958574462115 0.9437444476895129 0
2078 0.3176603955318378 0.9243921854402462 0
2079 0.3634699983167516 0.8202665419510133 0
2080 -0.2994754820754517 0.935470077169538 0
2081 -0.2884676265719636 0.9505162807683439 0
2082 0.03034319382699744 0.9855255175472719 0
2083 0.2376667129609197 0.7181099520168799 0
2084 0.2544808738750093 0.7215671710567273 0
2085 3.969351124259589 0.1556572524986878 0
2086 -2.085501008288558 0.6616640291134964 0
2087 0.2857935764313561 0.3917044862727184 0
2088 3.528686086124542 0.6572244062942952 0
2089 4.099481590856884 0.6566841412748826 0
2090 3.049999999997036 0.05030064382410732 0
2091 -0.282403087041669 0.5631448037019675 0
2092 -0.264455811002589 0.5316220549359233 0
2093 0.3880671122313657 0.9026167480779426 0
2094 2.365791244986831 0.5805626716664645 0
2095 -0.009339742805910737 0.9405273301564898 0
2096 -0.02482501681555437 0.9444892761926851 0
2097 -0.01667352675989949 0.9244976322794498 0
2098 0.04598430976069941 0.8205096432535726 0
2099 -0.4433715556411852 0.2517991559110328 0
2100 -0.05082237309888253 0.7369258613456264 0
2101 -0.0579835387187591 0.7521476555757256 0
2102 2.973892333940729 0.580831586002812 0
2103 0.302728089539001 0.9877045097014486 0
2104 0.305488684178817 0.9672889061158996 0
2105 -2.169311046072294 0.440300443791605 0
2106 -1.965311155912099 0.2433377770686961 0
2107 -1.976137762796476 0.1528983578062015 0
2108 2.449999999996125 0.0506327941642217 0
2109 0.2637937760388193 0.6457343598717277 0
2110 -1.880832889993177 0.5535251278848163 0
2111 3.649999999997948 0.05001493551220897 0
2112 0.141087774928666 0.775692480788168 0
2113 0.1535174502470974 0.7669370574803629 0
2114 0.1585443847954477 0.7819863506488414 0
2115 0.552445939498529 0.7354594526409539 0
2116 0.6120002005683046 0.7416719093549415 0
2117 0.07198249254825662 0.9138125324852593 0
2118 0.05417621678668293 0.920312397768162 0
2119 0.04149775520151473 0.9297179988047066 0
2120 3.556578881933869 0.4273099806997481 0
2121 0.1816842582834581 0.814778646472208 0
2122 0.1867949744440542 0.7970983065174384 0
2123 0.1943074292781534 0.8100949755980653 0
2124 0.508820766192347 0.7393087255870409 0
2125 4.167672185617866 0.4381454446765327 0
2126 -0.1243428289022933 0.06769312362065555 0
2127 -0.2936175054200654 0.5971006741169407 0
2128 -0.174868716806716 0.8982011801247585 0
2129 -0.1565584730160821 0.9067217796603886 0
2130 -0.05368965436543124 0.7688295070350668 0
2131 -0.3301635138149809 0.7099925824365314 0
2132 -0.3572306627315653 0.7267758466767322 0
2133 -0.1891157308296583 0.7783700691721545 0
2134 1.723508808763086 0.9208587510442597 0
2135 1.821760136017508 0.9208587510442597 0
2136 1.223570584133383 0.9282267556870091 0
2137 0.2607207375417537 0.8604863119172639 0
2138 2.157560186078976 0.6587285800936735 0
2139 4.856343548929772 0.8550167180625934 0
2140 4.853367117080648 0.951003343612466 0
2141 2.761653085055367 0.6601142212852498 0
2142 -1.565648040702718 0.0699243219216862 0
2143 0.1669401439662837 0.7589029914942648 0
2144 -0.4863550136948076 0.5062579464683175 0
2145 -0.9069811967627797 0.943491571355109 0
2146 0.7629472832780986 0.4696257848333548 0
2147 0.840418712010066 0.5225928372587365 0
2148 -2.854421174243482 0.9510783435242157 0
2149 -2.857553836438082 0.8553917176210787 0
2150 -0.1170442405791504 0.7646059838089082 0
2151 0.2449690530490669 0.9184886251143738 0
2152 4.95161844433507 0.8510033436122026 0
2153 -0.3612341816188364 0.9892450665190211 0
2154 0.03127462948533506 0.9448572155043138 0
2155 0.2759661129815293 0.7458270945745069 0
2156 0.27165534322298 0.727635456424032 0
2157 0.2902333412150204 0.7345634686628723 0
2158 0.1584521916060061 0.9016458546215234 0
2159 -0.2884563743090435 0.9171717622331012 0
2160 0.2830778240881167 0.9877045097014486 0
2161 1.733259295515044 0.5937736672541307 0
2162 1.807805571717978 0.5634370276811113 0
2163 0.980313574151749 0.1546219103064976 0
2164 0.9499999999985582 0.06080574077389928 0
2165 0.8871407631520176 0.1950163615662157 0
2166 -2.951995835113594 0.8510783435242156 0
2167 -1.852984577703041 0.2575342645797749 0
2168 -1.934832065059795 0.3356604595730049 0
2169 -0.3871281812326188 0.7502167629623373 0
2170 -0.4132012040932004 0.7723046365092687 0
2171 0.2883651426543702 0.9628045092074339 0
2172 -0.1135837624889539 0.1830954366184558 0
2173 0.1737433894858579 0.7300261809732143 0
2174 0.180088720789215 0.7504769376610104 0
2175 -1.585328736948331 0.9411713988386932 0
2176 -1.487754076078445 0.9411713988386932 0
2177 -0.5556592753168859 0.7549717992597265 0
2178 -0.0001807575088186193 0.9516468904292461 0
2179 -0.4460344127146141 0.3322246092650296 0
2180 -0.5128733725695274 0.2583292186502792 0
2181 -1.650000000003513 0.05216152568808487 0
2182 -0.07645922487707731 0.479441357871164 0
2183 -0.03867272801722638 0.4904251697621919 0
2184 1.515037148027232 0.4435059252983073 0
2185 0.172572931781619 0.7875064523663087 0
2186 1.94522469082796 0.3056888149583838 0
2187 1.858557531526832 0.2692750729725318 0
2188 1.905083191485703 0.9502399670411523 0
2189 -0.5327751050037505 0.721171661618517 0
2190 0.08994987840284976 0.9067827235445729 0
2191 1.313965464752288 0.4301261011493529 0
2192 1.700112343127226 0.8491225284745155 0
2193 -1.152484434830111 0.3746789734881386 0
2194 0.04912566362721082 0.9876915430054023 0
2195 1.36038961622872 0.5029372274387623 0
2196 1.312703178528188 0.5661935831717002 0
2197 1.239795776367626 0.5971754099638171 0
2198 0.8499999999988501 0.06080574077389928 0
2199 -0.1847377634392642 0.913605954313552 0
2200 0.1722082827178484 0.8253526192865938 0
2201 0.1646958278837491 0.8123559502059668 0
2202 1.257489080061427 0.8521935728239201 0
2203 1.416517688946457 0.4358971227790597 0
2204 0.2687481021085004 0.7103035451450926 0
2205 -0.2764001951293837 0.7148420940268224 0
2206 -0.3810824532782139 0.7912359956177346 0
2207 -0.3720654434822067 0.7687177465885331 0
2208 0.8203339456319794 0.1414899544930752 0
2209 0.8074747087852927 0.2148948345114923 0
2210 -0.1396743212051743 0.9154472537614123 0
2211 -0.3910193348260534 0.8090934969041154 0
2212 -0.401943212695667 0.7936330929483102 0
2213 0.04016832655243961 0.9732170605526742 0
2214 1.468612996550799 0.3706947990088979 0
2215 0.3472823762201275 0.05788899042794612 0
2216 0.2472823762202123 0.05788899042794612 0
2217 -2.951995835113594 0.9510783435242157 0
2218 -0.3194785431733378 0.739994914202849 0
2219 -0.3120158260275658 0.7224286218345559 0
2220 0.1197718926547098 0.7977276813457898 0
2221 0.1058948659597641 0.8028436683263153 0
2222 4.95161844433507 0.951003343612466 0
2223 -1.464249648662617 0.8622769403348272 0
2224 0.03340269893948399 0.9589953296572021 0
2225 0.2384143060255728 0.6301889742920446 0
2226 -1.241685907458582 0.4187901425329155 0
2227 0.2825196534994611 0.7787055214846876 0
2228 0.2813746075082377 0.7614557584002004 0
2229 -0.3305966241280727 0.9349411904614228 0
2230 -1.609478442623541 0.7847514526973316 0
2231 -1.676044209516509 0.7465255175890195 0
2232 -1.750281789835744 0.706776261858775 0
2233 0.21388058676901 0.1521075916423806 0
2234 4.745464382526951 0.0610679914084461 0
2235 4.645464382526799 0.0610679914084461 0
2236 -2.645432533181243 0.06112010643151859 0
2237 -2.745432533181318 0.06112010643151859 0
2238 0.3070193872078388 0.724300557032878 0
2239 -0.2325194684291405 0.8170884584350626 0
2240 -1.473552750040577 0.7842149877836773 0
2241 -1.546005827456194 0.8042808451262364 0
2242 -0.1295575449908554 0.6178390602854393 0
2243 0.3292276763006113 0.3344201082976936 0
2244 -0.1976632212157232 0.434212706527786 0
2245 -0.1484277718996478 0.4622375523141657 0
2246 -0.7820582381161201 0.576047252703497 0
2247 -0.125268823236408 0.9054059528145143 0
2248 0.38994982897269 0.3576119191294324 0
2249 0.4723058217424426 0.3684491088154785 0
2250 -0.214893507673837 0.480210308806701 0
2251 -1.78791931493963 0.5556932075880343 0
2252 0.7353150332650951 0.7081961220647881 0
2253 1.967460131581686 0.375541979790153 0
2254 2.007008454103368 0.4509059559133333 0
2255 0.4079038453944601 0.9107381735486326 0
2256 0.4292884711339299 0.8920004125066283 0
2257 0.2658039326572644 0.7850022652624239 0
2258 -0.002957786231537047 0.4882800444453245 0
2259 0.02856040567374536 0.4887876846169558 0
2260 0.7217860029967473 0.2515496637262997 0
2261 0.7885928205167856 0.3050760707994402 0
2262 -0.104018680669891 0.7499313702779373 0
2263 0.2755999188589496 0.9715426622882555 0
2264 -0.8072021598353312 0.4990743236967621 0
2265 -0.8619428303199508 0.4304117231137321 0
2266 -0.107731873174412 0.4711797618491765 0
2267 -0.08847554912964435 0.4474842424385456 0
2268 0.4996558120547983 0.2790176397258648 0
2269 -0.4997470182751506 0.4460846252862525 0
2270 -0.4273958220714582 0.4844005982915485 0
2271 -0.9146346980319339 0.384332183185382 0
2272 0.1136018832032351 0.8858328559824524 0
2273 0.1122429583854587 0.8658545786032689 0
2274 -0.279715159907916 0.6441512253966785 0
2275 0.7103644058220464 0.8411805860016248 0
2276 0.7015026907323989 0.9042604560061129 0
2277 -0.3421679249811532 0.745276830302928 0
2278 -0.2378156914900314 0.5074951161174781 0
2279 -0.4231380856410399 0.7901621377956495 0
2280 -0.4395558229356821 0.8176574978747159 0
2281 -0.3765820489656388 0.4943725967771688 0
2282 -0.3225600942203175 0.4837966555596217 0
2283 -0.3864087933575912 0.9001576965080869 0
2284 -0.1569923304913332 0.7778834829189432 0
2285 -0.150129799382443 0.7634774953021288 0
2286 -0.1736370307946904 0.7770271702946244 0
2287 -1.600175341245581 0.8628134052484815 0
2288 0.0900160303068656 0.5021632430671353 0
2289 0.2806803844691439 0.6979880763105157 0
2290 0.6608623735195447 0.7209690489226617 0
2291 0.7766598954273914 0.3902273730875159 0
2292 -0.2789505253380146 0.6227103928645304 0
2293 0.4536318004547568 0.6653372283715142 0
2294 0.03028823817003819 0.8070501583513892 0
2295 0.7250461853423869 0.7779859209515037 0
2296 0.01925778729807729 0.9569129209416556 0
2297 -0.3137217646752143 0.6169434966160554 0
2298 -0.3405239879294676 0.8905954427807257 0
2299 -0.3594067265934202 0.891617111623527 0
2300 -0.1273012410731278 0.5978618668949389 0
2301 -0.3653895549240121 0.8720276715654585 0
2302 -0.3718873614749416 0.8576495432991279 0
2303 -0.3758746028883168 0.8887748543139029 0
2304 0.3033958643861724 0.1880945135179312 0
2305 -0.2126191172414235 0.71549533846422 0
2306 -0.2059972651896738 0.7290551738001892 0
2307 0.1290588934187615 0.7869681563967568 0
2308 0.1368277087129647 0.8015012989056793 0
2309 0.1013924289393574 0.8968647905170724 0
2310 -0.2041002103637489 0.7013880612491277 0
2311 0.0148175285178796 0.815191162194272 0
2312 0.1601432564631876 0.7962618756741138 0
2313 0.4339344956017461 0.2321805275479784 0
2314 -0.3899740535459819 0.434199275595104 0
2315 -0.4086602112190365 0.3749609118176334 0
2316 0.3001456277538627 0.7019248507353093 0
2317 0.3212424435052303 0.7098535772557898 0
2318 0.3729491290038328 0.2836028570117087 0
2319 -0.3318305500915389 0.6414822425720297 0
2320 0.06119021514480547 0.4992096164236129 0
2321 -0.2011252300773825 0.7430239137196718 0
2322 -0.3671872935669979 0.743158917888941 0
2323 0.3357844558695467 0.6973426484298846 0
2324 0.3643812309840857 0.1366721840542008 0
2325 0.5099341578722677 0.6447780446620774 0
2326 -0.4151686158717458 0.8343646108320369 0
2327 0.3732123429296674 0.2089887167162397 0
2328 -0.2793197884879149 0.4992950982200738 0
2329 0.269929729640167 0.6193513165675275 0
2330 0.1506672808975779 0.8068358484884995 0
2331 -0.1821391070351578 0.7649723645472097 0
2332 -0.176186294232596 0.7537165802703545 0
2333 -0.1916649942675638 0.7550594791478846 0
2334 0.8375837652016327 0.8805951209900061 0
2335 -0.385444161978552 0.8528801390638902 0
2336 -1.760533493324977 0.6311123509987968 0
2337 0.7848170655675968 0.8284076591437513 0
2338 -0.2070780428799444 0.7542796979965271 0
2339 -0.1611623227093191 0.747255043651385 0
2340 -0.392391621688183 0.8805682564500183 0
2341 -0.4781620281473787 0.3814909745568798 0
2342 0.5297817022335906 0.6964342438465929 0
2343 -0.4004554934908509 0.8240327290533185 0
2344 -0.4037440151190902 0.8469067456506644 0
2345 -0.4001572843594469 0.8632120208426086 0
$EndNodes
$Elements
1234
1 15 2 1 1 1
2 15 2 2 2 2
3 15 2 3 3 3
4 15 2 4 4 4
5 15 2 5 5 5
6 15 2 6 6 6
7 8 2 1 1 1 7 21
8 8 2 1 1 7 8 22
9 8 2 1 1 8 9 23
10 8 2 1 1 9 10 24
11 8 2 1 1 10 11 25
12 8 2 1 1 11 12 26
13 8 2 1 1 12 13 27
14 8 2 1 1 13 14 28
15 8 2 1 1 14 15 29
16 8 2 1 1 15 16 30
17 8 2 1 1 16 17 31
18 8 2 1 1 17 18 32
19 8 2 1 1 18 19 33
20 8 2 1 1 19 20 34
21 8 2 1 1 20 2 35
22 8 2 2 2 2 36 60
23 8 2 2 2 36 37 61
24 8 2 2 2 37 38 62
25 8 2 2 2 38 39 63
26 8 2 2 2 39 40 64
27 8 2 2 2 40 41 65
28 8 2 2 2 41 42 66
29 8 2 2 2 42 43 67
30 8 2 2 2 43 44 68
31 8 2 2 2 44 45 69
32 8 2 2 2 45 46 70
33 8 2 2 2 46 47 71
34 8 2 2 2 47 48 72
35 8 2 2 2 48 49 73
36 8 2 2 2 49 50 74
37 8 2 2 2 50 51 75
38 8 2 2 2 51 52 76
39 8 2 2 2 52 53 77
40 8 2 2 2 53 54 78
41 8 2 2 2 54 55 79
42 8 2 2 2 55 56 80
43 8 2 2 2 56 57 81
44 8 2 2 2 57 58 82
45 8 2 2 2 58 59 83
46 8 2 2 2 59 5 84
47 8 2 3 3 5 85 89
48 8 2 3 3 85 86 90
49 8 2 3 3 86 87 91
50 8 2 3 3 87 88 92
51 8 2 3 3 88 6 93
52 8 2 4 4 6 94 129
53 8 2 4 4 94 95 130
54 8 2 4 4 95 96 131
55 8 2 4 4 96 97 132
56 8 2 4 4 97 98 133
57 8 2 4 4 98 99 134
58 8 2 4 4 99 100 135
59 8 2 4 4 100 101 136
60 8 2 4 4 101 102 137
61 8 2 4 4 102 103 138
62 8 2 4 4 103 104 139
63 8 2 4 4 104 105 140
64 8 2 4 4 105 106 141
65 8 2 4 4 106 107 142
66 8 2 4 4 107 108 143
67 8 2 4 4 108 109 144
68 8 2 4 4 109 110 145
69 8 2 4 4 110 111 146
70 8 2 4 4 111 112 147
71 8 2 4 4 112 113 148
72 8 2 4 4 113 114 149
73 8 2 4 4 114 115 150
74 8 2 4 4 115 116 151
75 8 2 4 4 116 117 152
76 8 2 4 4 117 118 153
77 8 2 4 4 118 119 154
78 8 2 4 4 119 120 155
79 8 2 4 4 120 121 156
80 8 2 4 4 121 122 157
81 8 2 4 4 122 123 158
82 8 2 4 4 123 124 159
83 8 2 4 4 124 125 160
84 8 2 4 4 125 126 161
85 8 2 4 4 126 127 162
86 8 2 4 4 127 128 163
87 8 2 4 4 128 3 164
88 8 2 5 5 3 165 190
89 8 2 5 5 165 166 191
90 8 2 5 5 166 167 192
91 8 2 5 5 167 168 193
92 8 2 5 5 168 169 194
93 8 2 5 5 169 170 195
94 8 2 5 5 170 171 196
95 8 2 5 5 171 172 197
96 8 2 5 5 172 173 198
97 8 2 5 5 173 174 199
98 8 2 5 5 174 175 200
99 8 2 5 5 175 176 201
100 8 2 5 5 176 177 202
101 8 2 5 5 177 178 203
102 8 2 5 5 178 179 204
103 8 2 5 5 179 180 205
104 8 2 5 5 180 181 206
105 8 2 5 5 181 182 207
106 8 2 5 5 182 183 208
107 8 2 5 5 183 184 209
108 8 2 5 5 184 185 210
109 8 2 5 5 185 186 211
110 8 2 5 5 186 187 212
111 8 2 5 5 187 188 213
112 8 2 5 5 188 189 214
113 8 2 5 5 189 4 215
114 8 2 6 6 4 216 220
115 8 2 6 6 216 217 221
116 8 2 6 6 217 218 222
117 8 2 6 6 218 219 223
118 8 2 6 6 219 1 224
119 9 2 1 1 102 103 357 138 728 729
120 9 2 1 1 105 106 361 141 730 731
121 9 2 1 1 378 278 381 732 733 734
122 9 2 1 1 288 378 381 735 734 736
123 9 2 1 1 407 120 444 737 738 739
124 9 2 1 1 295 365 462 740 741 742
125 9 2 1 1 425 243 426 743 744 745
126 9 2 1 1 675 270 700 746 747 748
127 9 2 1 1 387 296 603 749 750 751
128 9 2 1 1 270 384 700 752 753 747
129 9 2 1 1 401 387 603 754 751 755
130 9 2 1 1 329 260 331 756 757 758
131 9 2 1 1 381 278 382 733 759 760
132 9 2 1 1 331 330 553 761 762 763
133 9 2 1 1 462 365 589 741 764 765
134 9 2 1 1 311 410 428 766 767 768
135 9 2 1 1 340 402 569 769 770 771
136 9 2 1 1 258 372 648 772 773 774
137 9 2 1 1 372 332 648 775 776 773
138 9 2 1 1 579 427 676 777 778 779
139 9 2 1 1 356 123 522 780 781 782
140 9 2 1 1 242 341 498 783 784 785
141 9 2 1 1 341 242 471 783 786 787
142 9 2 1 1 180 181 391 206 788 789
143 9 2 1 1 332 372 511 775 790 791
144 9 2 1 1 387 262 514 792 793 794
145 9 2 1 1 119 120 407 155 737 795
146 9 2 1 1 371 42 566 796 797 798
147 9 2 1 1 418 344 576 799 800 801
148 9 2 1 1 307 418 576 802 801 803
149 9 2 1 1 180 391 654 789 804 805
150 9 2 1 1 452 41 513 806 807 808
151 9 2 1 1 242 427 579 809 777 810
152 9 2 1 1 333 250 413 811 812 813
153 9 2 1 1 303 349 430 814 815 816
154 9 2 1 1 349 246 430 817 818 815
155 9 2 1 1 16 17 377 31 819 820
156 9 2 1 1 372 258 495 772 821 822
157 9 2 1 1 248 346 424 823 824 825
158 9 2 1 1 346 304 424 826 827 824
159 9 2 1 1 239 403 559 828 829 830
160 9 2 1 1 534 440 673 831 832 833
161 9 2 1 1 368 367 503 834 835 836
162 9 2 1 1 275 383 409 837 838 839
163 9 2 1 1 387 514 630 794 840 841
164 9 2 1 1 124 125 435 160 842 843
165 9 2 1 1 341 234 497 844 845 846
166 9 2 1 1 280 341 497 847 846 848
167 9 2 1 1 281 384 617 849 850 851
168 9 2 1 1 341 280 498 847 852 784
169 9 2 1 1 273 341 471 853 787 854
170 9 2 1 1 234 341 479 844 855 856
171 9 2 1 1 341 273 479 853 857 855
172 9 2 1 1 120 121 444 156 858 738
173 9 2 1 1 119 407 512 795 859 860
174 9 2 1 1 384 406 617 861 862 850
175 9 2 1 1 404 243 552 863 864 865
176 9 2 1 1 299 353 625 866 867 868
177 9 2 1 1 310 369 556 869 870 871
178 9 2 1 1 392 275 409 872 839 873
179 9 2 1 1 124 435 522 843 874 875
180 9 2 1 1 126 127 422 162 876 877
181 9 2 1 1 255 354 449 878 879 880
182 9 2 1 1 318 462 589 881 765 882
183 9 2 1 1 281 392 409 883 873 884
184 9 2 1 1 362 255 449 885 880 886
185 9 2 1 1 433 272 448 887 888 889
186 9 2 1 1 126 422 596 877 890 891
187 9 2 1 1 403 239 624 828 892 893
188 9 2 1 1 396 277 659 894 895 896
189 9 2 1 1 346 248 632 823 897 898
190 9 2 1 1 243 526 552 899 900 864
191 9 2 1 1 45 370 515 901 902 903
192 9 2 1 1 42 43 566 67 904 797
193 9 2 1 1 322 534 673 905 833 906
194 9 2 1 1 262 387 401 792 754 907
195 9 2 1 1 166 167 388 192 908 909
196 9 2 1 1 265 380 412 910 911 912
197 9 2 1 1 380 277 412 913 914 911
198 9 2 1 1 330 425 426 915 745 916
199 9 2 1 1 275 392 694 872 917 918
200 9 2 1 1 328 420 604 919 920 921
201 9 2 1 1 419 275 426 922 923 924
202 9 2 1 1 255 362 448 885 925 926
203 9 2 1 1 329 331 655 758 927 928
204 9 2 1 1 44 515 566 929 930 931
205 9 2 1 1 384 270 406 752 932 861
206 9 2 1 1 269 440 534 933 831 934
207 9 2 1 1 304 346 530 826 935 936
208 9 2 1 1 246 349 626 817 937 938
209 9 2 1 1 269 362 449 939 886 940
210 9 2 1 1 383 275 695 837 941 942
211 9 2 1 1 525 360 647 943 944 945
212 9 2 1 1 232 372 433 946 947 948
213 9 2 1 1 420 237 604 949 950 920
214 9 2 1 1 528 335 669 951 952 953
215 9 2 1 1 349 303 531 814 954 955
216 9 2 1 1 383 240 409 956 957 838
217 9 2 1 1 289 396 528 958 959 960
218 9 2 1 1 102 357 465 729 961 962
219 9 2 1 1 392 483 694 963 964 917
220 9 2 1 1 397 289 528 965 960 966
221 9 2 1 1 388 286 523 967 968 969
222 9 2 1 1 105 361 466 731 970 971
223 9 2 1 1 287 524 578 972 973 974
224 9 2 1 1 357 103 485 728 975 976
225 9 2 1 1 235 368 503 977 836 978
226 9 2 1 1 391 328 654 979 980 804
227 9 2 1 1 1 7 502 21 981 982
228 9 2 1 1 219 1 502 224 982 983
229 9 2 1 1 273 356 522 984 782 985
230 9 2 1 1 361 106 484 730 986 987
231 9 2 1 1 343 245 703 988 989 990
232 9 2 1 1 227 367 368 991 834 992
233 9 2 1 1 327 579 676 993 779 994
234 9 2 1 1 369 310 599 869 995 996
235 9 2 1 1 397 528 669 966 953 997
236 9 2 1 1 363 675 700 998 748 999
237 9 2 1 1 377 17 600 819 1000 1001
238 9 2 1 1 332 511 681 791 1002 1003
239 9 2 1 1 5 85 504 89 1004 1005
240 9 2 1 1 59 5 504 84 1005 1006
241 9 2 1 1 410 333 413 1007 813 1008
242 9 2 1 1 306 350 547 1009 1010 1011
243 9 2 1 1 433 448 637 889 1012 1013
244 9 2 1 1 353 299 550 866 1014 1015
245 9 2 1 1 354 255 523 878 1016 1017
246 9 2 1 1 356 273 471 984 854 1018
247 9 2 1 1 264 282 445 1019 1020 1021
248 9 2 1 1 231 396 659 1022 896 1023
249 9 2 1 1 308 235 415 1024 1025 1026
250 9 2 1 1 362 269 473 939 1027 1028
251 9 2 1 1 453 169 516 1029 1030 1031
252 9 2 1 1 123 356 529 780 1032 1033
253 9 2 1 1 313 452 513 1034 808 1035
254 9 2 1 1 636 448 710 1036 1037 1038
255 9 2 1 1 123 124 522 159 875 781
256 9 2 1 1 328 391 420 979 1039 919
257 9 2 1 1 602 261 646 1040 1041 1042
258 9 2 1 1 264 445 604 1021 1043 1044
259 9 2 1 1 446 165 635 1045 1046 1047
260 9 2 1 1 572 354 587 1048 1049 1050
261 9 2 1 1 524 386 578 1051 1052 973
262 9 2 1 1 398 333 615 1053 1054 1055
263 9 2 1 1 365 295 558 740 1056 1057
264 9 2 1 1 374 253 538 1058 1059 1060
265 9 2 1 1 390 282 653 1061 1062 1063
266 9 2 1 1 433 372 495 947 822 1064
267 9 2 1 1 404 278 441 1065 1066 1067
268 9 2 1 1 40 41 452 65 806 1068
269 9 2 1 1 352 248 501 1069 1070 1071
270 9 2 1 1 380 231 659 1072 1023 1073
271 9 2 1 1 246 348 507 1074 1075 1076
272 9 2 1 1 266 391 696 1077 1078 1079
273 9 2 1 1 392 259 483 1080 1081 963
274 9 2 1 1 366 241 382 1082 1083 1084
275 9 2 1 1 330 225 425 1085 1086 915
276 9 2 1 1 248 352 577 1069 1087 1088
277 9 2 1 1 402 261 569 1089 1090 770
278 9 2 1 1 245 343 494 988 1091 1092
279 9 2 1 1 385 253 620 1093 1094 1095
280 9 2 1 1 348 246 582 1074 1096 1097
281 9 2 1 1 170 171 393 196 1098 1099
282 9 2 1 1 353 236 625 1100 1101 867
283 9 2 1 1 278 378 441 732 1102 1066
284 9 2 1 1 243 419 426 1103 924 744
285 9 2 1 1 361 252 571 1104 1105 1106
286 9 2 1 1 391 181 459 788 1107 1108
287 9 2 1 1 257 381 382 1109 760 1110
288 9 2 1 1 255 448 636 926 1036 1111
289 9 2 1 1 391 459 696 1108 1112 1078
290 9 2 1 1 403 283 559 1113 1114 829
291 9 2 1 1 252 361 585 1104 1115 1116
292 9 2 1 1 57 530 667 1117 1118 1119
293 9 2 1 1 531 9 670 1120 1121 1122
294 9 2 1 1 249 565 575 1123 1124 1125
295 9 2 1 1 38 373 609 1126 1127 1128
296 9 2 1 1 565 355 575 1129 1130 1124
297 9 2 1 1 307 572 587 1131 1050 1132
298 9 2 1 1 391 266 420 1077 1133 1039
299 9 2 1 1 402 340 650 769 1134 1135
300 9 2 1 1 321 377 600 1136 1001 1137
301 9 2 1 1 253 385 702 1093 1138 1139
302 9 2 1 1 335 528 630 951 1140 1141
303 9 2 1 1 290 370 593 1142 1143 1144
304 9 2 1 1 226 323 560 1145 1146 1147
305 9 2 1 1 43 44 566 68 931 904
306 9 2 1 1 240 383 475 956 1148 1149
307 9 2 1 1 323 226 411 1145 1150 1151
308 9 2 1 1 241 359 525 1152 1153 1154
309 9 2 1 1 378 288 690 735 1155 1156
310 9 2 1 1 473 232 637 1157 1158 1159
311 9 2 1 1 225 330 331 1085 761 1160
312 9 2 1 1 306 233 590 1161 1162 1163
313 9 2 1 1 406 270 584 932 1164 1165
314 9 2 1 1 279 383 695 1166 942 1167
315 9 2 1 1 253 408 620 1168 1169 1094
316 9 2 1 1 265 412 693 912 1170 1171
317 9 2 1 1 412 385 693 1172 1173 1170
318 9 2 1 1 3 165 446 190 1045 1174
319 9 2 1 1 388 523 636 969 1175 1176
320 9 2 1 1 117 118 350 153 1177 1178
321 9 2 1 1 561 469 624 1179 1180 1181
322 9 2 1 1 277 380 659 913 1073 895
323 9 2 1 1 370 45 593 901 1182 1143
324 9 2 1 1 2 36 481 60 1183 1184
325 9 2 1 1 42 371 513 796 1185 1186
326 9 2 1 1 267 407 444 1187 739 1188
327 9 2 1 1 370 290 689 1142 1189 1190
328 9 2 1 1 359 241 429 1152 1191 1192
329 9 2 1 1 373 38 527 1126 1193 1194
330 9 2 1 1 281 493 496 1195 1196 1197
331 9 2 1 1 461 325 550 1198 1199 1200
332 9 2 1 1 184 376 610 1201 1202 1203
333 9 2 1 1 313 469 561 1204 1179 1205
334 9 2 1 1 382 241 525 1083 1154 1206
335 9 2 1 1 372 232 709 946 1207 1208
336 9 2 1 1 375 256 618 1209 1210 1211
337 9 2 1 1 317 375 618 1212 1211 1213
338 9 2 1 1 168 169 453 194 1029 1214
339 9 2 1 1 542 251 645 1215 1216 1217
340 9 2 1 1 251 564 588 1218 1219 1220
341 9 2 1 1 364 545 607 1221 1222 1223
342 9 2 1 1 362 473 637 1028 1159 1224
343 9 2 1 1 394 672 681 1225 1226 1227
344 9 2 1 1 551 249 638 1228 1229 1230
345 9 2 1 1 404 441 722 1067 1231 1232
346 9 2 1 1 386 524 625 1051 1233 1234
347 9 2 1 1 377 321 631 1136 1235 1236
348 9 2 1 1 556 369 698 870 1237 1238
349 9 2 1 1 233 306 543 1161 1239 1240
350 9 2 1 1 8 9 531 23 1120 1241
351 9 2 1 1 445 328 604 1242 921 1043
352 9 2 1 1 329 408 442 1243 1244 1245
353 9 2 1 1 482 264 532 1246 1247 1248
354 9 2 1 1 493 322 496 1249 1250 1196
355 9 2 1 1 57 58 530 82 1251 1117
356 9 2 1 1 266 431 506 1252 1253 1254
357 9 2 1 1 382 278 552 759 1255 1256
358 9 2 1 1 419 279 695 1257 1167 1258
359 9 2 1 1 441 279 722 1259 1260 1231
360 9 2 1 1 564 357 588 1261 1262 1219
361 9 2 1 1 256 375 627 1209 1263 1264
362 9 2 1 1 262 401 594 907 1265 1266
363 9 2 1 1 672 394 712 1225 1267 1268
364 9 2 1 1 231 380 563 1072 1269 1270
365 9 2 1 1 234 672 712 1271 1268 1272
366 9 2 1 1 339 602 646 1273 1042 1274
367 9 2 1 1 308 415 706 1026 1275 1276
368 9 2 1 1 337 446 635 1277 1047 1278
369 9 2 1 1 431 310 506 1279 1280 1253
370 9 2 1 1 672 332 681 1281 1003 1226
371 9 2 1 1 316 350 512 1282 1283 1284
372 9 2 1 1 377 314 541 1285 1286 1287
373 9 2 1 1 16 377 541 820 1287 1288
374 9 2 1 1 509 406 584 1289 1165 1290
375 9 2 1 1 396 231 528 1022 1291 959
376 9 2 1 1 337 636 710 1292 1038 1293
377 9 2 1 1 334 482 532 1294 1248 1295
378 9 2 1 1 311 428 658 768 1296 1297
379 9 2 1 1 2 481 701 1184 1298 1299
380 9 2 1 1 351 542 645 1300 1217 1301
381 9 2 1 1 319 422 605 1302 1303 1304
382 9 2 1 1 350 118 512 1177 1305 1283
383 9 2 1 1 314 377 601 1285 1306 1307
384 9 2 1 1 288 395 690 1308 1309 1155
385 9 2 1 1 520 252 660 1310 1311 1312
386 9 2 1 1 388 167 533 908 1313 1314
387 9 2 1 1 545 317 607 1315 1316 1222
388 9 2 1 1 358 551 638 1317 1230 1318
389 9 2 1 1 288 381 536 736 1319 1320
390 9 2 1 1 376 184 539 1201 1321 1322
391 9 2 1 1 383 279 643 1166 1323 1324
392 9 2 1 1 407 316 512 1325 1284 859
393 9 2 1 1 375 111 573 1326 1327 1328
394 9 2 1 1 244 400 574 1329 1330 1331
395 9 2 1 1 413 250 548 812 1332 1333
396 9 2 1 1 281 409 493 884 1334 1195
397 9 2 1 1 321 334 532 1335 1295 1336
398 9 2 1 1 279 419 722 1257 1337 1260
399 9 2 1 1 111 375 613 1326 1338 1339
400 9 2 1 1 428 241 658 1340 1341 1296
401 9 2 1 1 399 279 616 1342 1343 1344
402 9 2 1 1 277 396 518 894 1345 1346
403 9 2 1 1 396 289 518 958 1347 1345
404 9 2 1 1 543 306 547 1239 1011 1348
405 9 2 1 1 309 453 516 1349 1031 1350
406 9 2 1 1 517 267 578 1351 1352 1353
407 9 2 1 1 410 311 685 766 1354 1355
408 9 2 1 1 438 308 494 1356 1357 1358
409 9 2 1 1 181 182 459 207 1359 1107
410 9 2 1 1 294 376 539 1360 1322 1361
411 9 2 1 1 86 87 416 91 1362 1363
412 9 2 1 1 217 218 417 222 1364 1365
413 9 2 1 1 375 317 613 1212 1366 1338
414 9 2 1 1 605 422 677 1303 1367 1368
415 9 2 1 1 259 406 509 1369 1289 1370
416 9 2 1 1 320 403 624 1371 893 1372
417 9 2 1 1 44 45 515 69 903 929
418 9 2 1 1 407 267 517 1187 1351 1373
419 9 2 1 1 393 171 458 1098 1374 1375
420 9 2 1 1 384 281 496 849 1197 1376
421 9 2 1 1 422 319 596 1302 1377 890
422 9 2 1 1 386 517 578 1378 1353 1052
423 9 2 1 1 594 401 663 1265 1379 1380
424 9 2 1 1 271 410 413 1381 1008 1382
425 9 2 1 1 380 265 521 910 1383 1384
426 9 2 1 1 376 294 674 1360 1385 1386
427 9 2 1 1 460 230 461 1387 1388 1389
428 9 2 1 1 461 230 544 1388 1390 1391
429 9 2 1 1 287 460 524 1392 1393 972
430 9 2 1 1 347 520 660 1394 1312 1395
431 9 2 1 1 282 549 653 1396 1397 1062
432 9 2 1 1 389 280 535 1398 1399 1400
433 9 2 1 1 414 346 632 1401 898 1402
434 9 2 1 1 226 560 718 1147 1403 1404
435 9 2 1 1 95 96 434 131 1405 1406
436 9 2 1 1 243 404 722 863 1232 1407
437 9 2 1 1 353 233 543 1408 1240 1409
438 9 2 1 1 336 561 592 1410 1411 1412
439 9 2 1 1 187 188 437 213 1413 1414
440 9 2 1 1 263 511 558 1415 1416 1417
441 9 2 1 1 511 365 558 1418 1057 1416
442 9 2 1 1 450 338 682 1419 1420 1421
443 9 2 1 1 426 275 694 923 918 1422
444 9 2 1 1 259 392 617 1080 1423 1424
445 9 2 1 1 275 419 695 922 1258 941
446 9 2 1 1 227 368 482 992 1425 1426
447 9 2 1 1 359 226 360 1427 1428 1429
448 9 2 1 1 247 580 599 1430 1431 1432
449 9 2 1 1 429 428 481 1433 1434 1435
450 9 2 1 1 170 393 516 1099 1436 1437
451 9 2 1 1 280 389 498 1398 1438 852
452 9 2 1 1 400 244 583 1329 1439 1440
453 9 2 1 1 324 400 583 1441 1440 1442
454 9 2 1 1 323 423 688 1443 1444 1445
455 9 2 1 1 286 453 499 1446 1447 1448
456 9 2 1 1 453 309 499 1349 1449 1447
457 9 2 1 1 530 346 667 935 1450 1118
458 9 2 1 1 279 441 616 1259 1451 1343
459 9 2 1 1 349 531 670 955 1122 1452
460 9 2 1 1 349 421 626 1453 1454 937
461 9 2 1 1 399 295 475 1455 1456 1457
462 9 2 1 1 419 243 722 1103 1407 1337
463 9 2 1 1 395 288 492 1308 1458 1459
464 9 2 1 1 14 15 447 29 1460 1461
465 9 2 1 1 166 388 635 909 1462 1463
466 9 2 1 1 234 479 672 856 1464 1271
467 9 2 1 1 449 354 572 879 1048 1465
468 9 2 1 1 479 379 672 1466 1467 1464
469 9 2 1 1 286 388 533 967 1314 1468
470 9 2 1 1 411 226 489 1150 1469 1470
471 9 2 1 1 176 390 537 1471 1472 1473
472 9 2 1 1 374 367 682 1474 1475 1476
473 9 2 1 1 237 420 601 949 1477 1478
474 9 2 1 1 280 400 535 1479 1480 1399
475 9 2 1 1 388 337 635 1481 1278 1462
476 9 2 1 1 442 408 662 1244 1482 1483
477 9 2 1 1 296 387 563 749 1484 1485
478 9 2 1 1 387 231 563 1486 1270 1484
479 9 2 1 1 231 387 630 1486 841 1487
480 9 2 1 1 176 177 390 202 1488 1471
481 9 2 1 1 580 369 599 1489 996 1431
482 9 2 1 1 316 407 517 1325 1373 1490
483 9 2 1 1 389 287 540 1491 1492 1493
484 9 2 1 1 616 378 690 1494 1156 1495
485 9 2 1 1 48 49 443 73 1496 1497
486 9 2 1 1 323 268 423 1498 1499 1443
487 9 2 1 1 447 15 541 1460 1500 1501
488 9 2 1 1 406 259 617 1369 1424 862
489 9 2 1 1 287 389 692 1491 1502 1503
490 9 2 1 1 619 405 628 1504 1505 1506
491 9 2 1 1 254 586 607 1507 1508 1509
492 9 2 1 1 236 386 625 1510 1234 1101
493 9 2 1 1 435 273 522 1511 985 874
494 9 2 1 1 268 323 411 1498 1151 1512
495 9 2 1 1 331 260 455 757 1513 1514
496 9 2 1 1 313 513 614 1035 1515 1516
497 9 2 1 1 432 306 590 1517 1163 1518
498 9 2 1 1 51 52 451 76 1519 1520
499 9 2 1 1 244 574 714 1331 1521 1522
500 9 2 1 1 528 231 630 1291 1487 1140
501 9 2 1 1 392 281 617 883 851 1423
502 9 2 1 1 513 371 614 1185 1523 1515
503 9 2 1 1 241 428 429 1340 1433 1191
504 9 2 1 1 278 404 552 1065 865 1255
505 9 2 1 1 337 388 636 1481 1176 1292
506 9 2 1 1 183 184 610 209 1203 1524
507 9 2 1 1 515 312 566 1525 1526 930
508 9 2 1 1 54 55 456 79 1527 1528
509 9 2 1 1 299 460 461 1529 1389 1530
510 9 2 1 1 227 450 682 1531 1421 1532
511 9 2 1 1 492 340 583 1533 1534 1535
512 9 2 1 1 244 492 583 1536 1535 1439
513 9 2 1 1 312 457 597 1537 1538 1539
514 9 2 1 1 272 433 495 887 1064 1540
515 9 2 1 1 409 240 493 957 1541 1334
516 9 2 1 1 505 347 660 1542 1395 1543
517 9 2 1 1 18 19 454 33 1544 1545
518 9 2 1 1 597 457 618 1538 1546 1547
519 9 2 1 1 508 358 638 1548 1318 1549
520 9 2 1 1 412 277 538 914 1550 1551
521 9 2 1 1 368 235 549 977 1552 1553
522 9 2 1 1 434 96 721 1405 1554 1555
523 9 2 1 1 336 452 561 1556 1557 1410
524 9 2 1 1 526 366 552 1558 1559 900
525 9 2 1 1 260 329 442 756 1245 1560
526 9 2 1 1 441 378 616 1102 1494 1451
527 9 2 1 1 236 353 543 1100 1409 1561
528 9 2 1 1 37 38 609 62 1128 1562
529 9 2 1 1 263 405 619 1563 1504 1564
530 9 2 1 1 623 265 665 1565 1566 1567
531 9 2 1 1 315 619 628 1568 1506 1569
532 9 2 1 1 56 414 581 1570 1571 1572
533 9 2 1 1 174 175 438 200 1573 1574
534 9 2 1 1 496 229 700 1575 1576 1577
535 9 2 1 1 11 12 472 26 1578 1579
536 9 2 1 1 187 437 716 1414 1580 1581
537 9 2 1 1 314 447 541 1582 1501 1286
538 9 2 1 1 384 496 700 1376 1577 753
539 9 2 1 1 403 113 686 1583 1584 1585
540 9 2 1 1 435 319 562 1586 1587 1588
541 9 2 1 1 273 435 562 1511 1588 1589
542 9 2 1 1 395 315 628 1590 1569 1591
543 9 2 1 1 451 52 508 1519 1592 1593
544 9 2 1 1 339 646 718 1274 1594 1595
545 9 2 1 1 500 351 645 1596 1301 1597
546 9 2 1 1 113 114 686 149 1598 1584
547 9 2 1 1 601 420 679 1477 1599 1600
548 9 2 1 1 443 49 500 1496 1601 1602
549 9 2 1 1 586 364 607 1603 1223 1508
550 9 2 1 1 390 308 537 1604 1605 1472
551 9 2 1 1 253 374 591 1058 1606 1607
552 9 2 1 1 514 335 630 1608 1141 840
553 9 2 1 1 447 314 506 1582 1609 1610
554 9 2 1 1 310 447 506 1611 1610 1280
555 9 2 1 1 295 462 475 742 1612 1456
556 9 2 1 1 462 240 475 1613 1149 1612
557 9 2 1 1 291 443 500 1614 1602 1615
558 9 2 1 1 262 393 606 1616 1617 1618
559 9 2 1 1 393 262 594 1616 1266 1619
560 9 2 1 1 232 473 589 1157 1620 1621
561 9 2 1 1 248 424 501 825 1622 1070
562 9 2 1 1 315 395 567 1590 1623 1624
563 9 2 1 1 561 239 592 1625 1626 1411
564 9 2 1 1 238 587 641 1627 1628 1629
565 9 2 1 1 171 172 458 197 1630 1374
566 9 2 1 1 424 284 501 1631 1632 1622
567 9 2 1 1 334 321 621 1335 1633 1634
568 9 2 1 1 462 318 519 881 1635 1636
569 9 2 1 1 240 462 519 1613 1636 1637
570 9 2 1 1 410 271 428 1381 1638 767
571 9 2 1 1 301 451 508 1639 1593 1640
572 9 2 1 1 295 399 656 1455 1641 1642
573 9 2 1 1 430 246 507 818 1076 1643
574 9 2 1 1 352 434 721 1644 1555 1645
575 9 2 1 1 472 12 698 1578 1646 1647
576 9 2 1 1 325 461 544 1198 1391 1648
577 9 2 1 1 450 227 482 1531 1426 1649
578 9 2 1 1 283 403 686 1113 1585 1650
579 9 2 1 1 399 228 656 1651 1652 1641
580 9 2 1 1 243 425 526 743 1653 899
581 9 2 1 1 250 333 398 811 1053 1654
582 9 2 1 1 284 416 640 1655 1656 1657
583 9 2 1 1 359 360 525 1429 943 1153
584 9 2 1 1 247 431 651 1658 1659 1660
585 9 2 1 1 431 326 651 1661 1662 1659
586 9 2 1 1 238 401 603 1663 755 1664
587 9 2 1 1 411 373 633 1665 1666 1667
588 9 2 1 1 400 280 574 1479 1668 1330
589 9 2 1 1 339 276 649 1669 1670 1671
590 9 2 1 1 113 403 546 1583 1672 1673
591 9 2 1 1 434 284 668 1674 1675 1676
592 9 2 1 1 401 238 663 1663 1677 1379
593 9 2 1 1 279 399 643 1342 1678 1323
594 9 2 1 1 228 399 616 1651 1344 1679
595 9 2 1 1 98 99 463 134 1680 1681
596 9 2 1 1 284 436 668 1682 1683 1675
597 9 2 1 1 417 285 639 1684 1685 1686
598 9 2 1 1 97 98 464 133 1687 1688
599 9 2 1 1 101 102 465 137 962 1689
600 9 2 1 1 285 430 507 1690 1643 1691
601 9 2 1 1 104 105 466 140 971 1692
602 9 2 1 1 437 348 716 1693 1694 1580
603 9 2 1 1 100 101 468 136 1695 1696
604 9 2 1 1 400 324 652 1441 1697 1698
605 9 2 1 1 107 108 470 143 1699 1700
606 9 2 1 1 408 329 584 1243 1701 1702
607 9 2 1 1 185 186 467 211 1703 1704
608 9 2 1 1 295 405 558 1705 1706 1056
609 9 2 1 1 405 263 558 1563 1417 1706
610 9 2 1 1 88 436 640 1707 1708 1709
611 9 2 1 1 284 434 501 1674 1710 1632
612 9 2 1 1 344 418 623 799 1711 1712
613 9 2 1 1 386 236 644 1510 1713 1714
614 9 2 1 1 257 402 536 1715 1716 1717
615 9 2 1 1 19 20 548 34 1718 1719
616 9 2 1 1 545 364 726 1221 1720 1721
617 9 2 1 1 439 216 639 1722 1723 1724
618 9 2 1 1 285 437 671 1725 1726 1727
619 9 2 1 1 257 382 525 1110 1206 1728
620 9 2 1 1 403 320 546 1371 1729 1672
621 9 2 1 1 321 532 631 1336 1730 1235
622 9 2 1 1 350 316 547 1282 1731 1010
623 9 2 1 1 228 616 690 1679 1495 1732
624 9 2 1 1 439 285 671 1733 1727 1734
625 9 2 1 1 228 405 656 1735 1736 1652
626 9 2 1 1 293 474 488 1737 1738 1739
627 9 2 1 1 474 301 488 1740 1741 1738
628 9 2 1 1 476 302 491 1742 1743 1744
629 9 2 1 1 292 476 491 1745 1744 1746
630 9 2 1 1 477 291 487 1747 1748 1749
631 9 2 1 1 298 477 487 1750 1749 1751
632 9 2 1 1 297 478 486 1752 1753 1754
633 9 2 1 1 478 290 486 1755 1756 1753
634 9 2 1 1 98 463 464 1681 1757 1687
635 9 2 1 1 101 465 468 1689 1758 1695
636 9 2 1 1 521 265 623 1383 1565 1759
637 9 2 1 1 405 295 656 1705 1642 1736
638 9 2 1 1 369 472 698 1760 1647 1237
639 9 2 1 1 432 116 570 1761 1762 1763
640 9 2 1 1 347 505 711 1542 1764 1765
641 9 2 1 1 434 352 501 1644 1071 1710
642 9 2 1 1 115 116 432 151 1761 1766
643 9 2 1 1 494 308 706 1357 1276 1767
644 9 2 1 1 437 285 507 1725 1691 1768
645 9 2 1 1 443 291 520 1614 1769 1770
646 9 2 1 1 358 508 727 1548 1771 1772
647 9 2 1 1 351 500 719 1596 1773 1774
648 9 2 1 1 481 271 701 1775 1776 1298
649 9 2 1 1 106 107 484 142 1777 986
650 9 2 1 1 463 292 464 1778 1779 1757
651 9 2 1 1 107 470 484 1700 1780 1777
652 9 2 1 1 405 228 628 1735 1781 1505
653 9 2 1 1 465 293 468 1782 1783 1758
654 9 2 1 1 104 466 485 1692 1784 1785
655 9 2 1 1 480 294 490 1786 1787 1788
656 9 2 1 1 300 480 490 1789 1788 1790
657 9 2 1 1 103 104 485 139 1785 975
658 9 2 1 1 55 56 581 80 1572 1791
659 9 2 1 1 268 411 633 1512 1667 1792
660 9 2 1 1 353 276 657 1793 1794 1795
661 9 2 1 1 436 284 640 1682 1657 1708
662 9 2 1 1 421 10 611 1796 1797 1798
663 9 2 1 1 302 414 632 1799 1402 1800
664 9 2 1 1 514 305 555 1801 1802 1803
665 9 2 1 1 335 514 555 1608 1803 1804
666 9 2 1 1 290 505 660 1805 1543 1806
667 9 2 1 1 421 300 626 1807 1808 1454
668 9 2 1 1 235 308 653 1024 1809 1810
669 9 2 1 1 348 437 507 1693 1768 1075
670 9 2 1 1 381 257 536 1109 1717 1319
671 9 2 1 1 238 418 587 1811 1812 1627
672 9 2 1 1 418 307 587 802 1132 1812
673 9 2 1 1 418 296 623 1813 1814 1711
674 9 2 1 1 509 329 655 1815 928 1816
675 9 2 1 1 327 529 579 1817 1818 993
676 9 2 1 1 529 356 579 1032 1819 1818
677 9 2 1 1 357 485 588 976 1820 1262
678 9 2 1 1 443 347 711 1821 1765 1822
679 9 2 1 1 48 443 711 1497 1822 1823
680 9 2 1 1 470 297 484 1824 1825 1780
681 9 2 1 1 379 562 605 1826 1827 1828
682 9 2 1 1 562 319 605 1587 1304 1827
683 9 2 1 1 466 298 485 1829 1830 1784
684 9 2 1 1 216 217 639 221 1831 1723
685 9 2 1 1 87 88 640 92 1709 1832
686 9 2 1 1 361 484 585 987 1833 1115
687 9 2 1 1 282 390 598 1061 1834 1835
688 9 2 1 1 414 56 667 1570 1836 1837
689 9 2 1 1 282 264 678 1019 1838 1839
690 9 2 1 1 276 353 550 1793 1015 1840
691 9 2 1 1 380 521 563 1384 1841 1269
692 9 2 1 1 20 413 548 1842 1333 1718
693 9 2 1 1 300 421 611 1807 1798 1843
694 9 2 1 1 285 439 639 1733 1724 1685
695 9 2 1 1 550 325 649 1199 1844 1845
696 9 2 1 1 451 301 542 1639 1846 1847
697 9 2 1 1 301 508 638 1640 1549 1848
698 9 2 1 1 483 259 553 1081 1849 1850
699 9 2 1 1 10 421 670 1796 1851 1852
700 9 2 1 1 458 172 510 1630 1853 1854
701 9 2 1 1 175 176 537 201 1473 1855
702 9 2 1 1 465 357 564 961 1261 1856
703 9 2 1 1 463 355 565 1857 1129 1858
704 9 2 1 1 505 290 593 1805 1144 1859
705 9 2 1 1 257 525 647 1728 945 1860
706 9 2 1 1 343 510 699 1861 1862 1863
707 9 2 1 1 516 393 594 1436 1619 1864
708 9 2 1 1 436 94 668 1865 1866 1683
709 9 2 1 1 178 179 445 204 1867 1868
710 9 2 1 1 287 427 540 1869 1870 1492
711 9 2 1 1 168 453 533 1214 1871 1872
712 9 2 1 1 492 288 650 1458 1873 1874
713 9 2 1 1 414 302 581 1799 1875 1571
714 9 2 1 1 587 354 641 1049 1876 1628
715 9 2 1 1 184 185 539 210 1877 1321
716 9 2 1 1 451 351 719 1878 1774 1879
717 9 2 1 1 51 451 719 1520 1879 1880
718 9 2 1 1 174 438 699 1574 1881 1882
719 9 2 1 1 49 50 500 74 1883 1601
720 9 2 1 1 189 439 671 1884 1734 1885
721 9 2 1 1 328 445 654 1242 1886 980
722 9 2 1 1 85 86 608 90 1887 1888
723 9 2 1 1 473 269 534 1027 934 1889
724 9 2 1 1 318 473 534 1890 1889 1891
725 9 2 1 1 218 219 612 223 1892 1893
726 9 2 1 1 14 447 556 1461 1894 1895
727 9 2 1 1 447 310 556 1611 871 1894
728 9 2 1 1 511 263 681 1415 1896 1002
729 9 2 1 1 252 477 571 1897 1898 1105
730 9 2 1 1 573 320 627 1899 1900 1901
731 9 2 1 1 305 458 510 1902 1854 1903
732 9 2 1 1 247 480 580 1904 1905 1430
733 9 2 1 1 267 427 578 1906 1907 1352
734 9 2 1 1 395 628 690 1591 1908 1309
735 9 2 1 1 464 352 721 1909 1645 1910
736 9 2 1 1 468 355 725 1911 1912 1913
737 9 2 1 1 355 463 725 1857 1914 1912
738 9 2 1 1 340 492 650 1533 1874 1134
739 9 2 1 1 38 39 527 63 1915 1193
740 9 2 1 1 178 445 598 1868 1916 1917
741 9 2 1 1 291 500 645 1615 1597 1918
742 9 2 1 1 435 125 596 842 1919 1920
743 9 2 1 1 116 117 570 152 1921 1762
744 9 2 1 1 418 238 603 1811 1664 1922
745 9 2 1 1 427 242 540 809 1923 1870
746 9 2 1 1 355 468 575 1911 1924 1130
747 9 2 1 1 352 464 577 1909 1925 1087
748 9 2 1 1 45 46 593 70 1926 1182
749 9 2 1 1 167 168 533 193 1872 1313
750 9 2 1 1 467 348 582 1927 1097 1928
751 9 2 1 1 343 438 494 1929 1358 1091
752 9 2 1 1 111 112 573 147 1930 1327
753 9 2 1 1 46 47 505 71 1931 1932
754 9 2 1 1 291 477 520 1747 1933 1769
755 9 2 1 1 254 478 586 1934 1935 1507
756 9 2 1 1 338 450 697 1419 1936 1937
757 9 2 1 1 52 53 508 77 1938 1592
758 9 2 1 1 416 87 640 1362 1832 1656
759 9 2 1 1 448 362 637 925 1224 1012
760 9 2 1 1 226 359 489 1427 1939 1469
761 9 2 1 1 438 343 699 1929 1863 1881
762 9 2 1 1 348 467 716 1927 1940 1694
763 9 2 1 1 217 417 639 1365 1686 1831
764 9 2 1 1 475 383 643 1148 1324 1941
765 9 2 1 1 347 443 520 1821 1770 1394
766 9 2 1 1 646 360 718 1942 1943 1594
767 9 2 1 1 460 287 692 1392 1503 1944
768 9 2 1 1 274 429 481 1945 1435 1946
769 9 2 1 1 303 502 715 1947 1948 1949
770 9 2 1 1 285 417 724 1684 1950 1951
771 9 2 1 1 245 555 703 1952 1953 989
772 9 2 1 1 416 284 704 1655 1954 1955
773 9 2 1 1 431 266 696 1252 1079 1956
774 9 2 1 1 385 412 702 1172 1957 1138
775 9 2 1 1 122 123 529 158 1033 1958
776 9 2 1 1 225 331 455 1160 1514 1959
777 9 2 1 1 301 474 542 1740 1960 1846
778 9 2 1 1 364 470 726 1961 1962 1720
779 9 2 1 1 299 461 550 1530 1200 1014
780 9 2 1 1 420 266 679 1133 1963 1599
781 9 2 1 1 110 111 613 146 1339 1964
782 9 2 1 1 41 42 513 66 1186 807
783 9 2 1 1 172 173 510 198 1965 1853
784 9 2 1 1 628 228 690 1781 1732 1908
785 9 2 1 1 440 269 572 933 1966 1967
786 9 2 1 1 307 440 572 1968 1967 1131
787 9 2 1 1 504 304 713 1969 1970 1971
788 9 2 1 1 456 358 727 1972 1772 1973
789 9 2 1 1 54 456 727 1528 1973 1974
790 9 2 1 1 510 343 703 1861 990 1975
791 9 2 1 1 177 178 598 203 1917 1976
792 9 2 1 1 236 543 547 1561 1348 1977
793 9 2 1 1 296 418 603 1813 1922 750
794 9 2 1 1 86 416 608 1363 1978 1887
795 9 2 1 1 118 119 512 154 860 1305
796 9 2 1 1 114 115 595 150 1979 1980
797 9 2 1 1 476 249 551 1981 1228 1982
798 9 2 1 1 417 218 612 1364 1893 1983
799 9 2 1 1 330 426 694 916 1422 1984
800 9 2 1 1 431 247 599 1658 1432 1985
801 9 2 1 1 310 431 599 1279 1985 995
802 9 2 1 1 531 303 715 954 1949 1986
803 9 2 1 1 466 361 571 970 1106 1987
804 9 2 1 1 284 424 704 1631 1988 1954
805 9 2 1 1 346 414 667 1401 1837 1450
806 9 2 1 1 94 95 668 130 1989 1866
807 9 2 1 1 422 127 622 876 1990 1991
808 9 2 1 1 276 339 560 1669 1992 1993
809 9 2 1 1 229 440 576 1994 1995 1996
810 9 2 1 1 440 307 576 1968 803 1995
811 9 2 1 1 456 302 551 1997 1998 1999
812 9 2 1 1 584 270 620 1164 2000 2001
813 9 2 1 1 169 170 516 195 1437 1030
814 9 2 1 1 3 446 554 1174 2002 2003
815 9 2 1 1 264 482 678 1246 2004 1838
816 9 2 1 1 188 189 671 214 1885 2005
817 9 2 1 1 239 561 624 1625 1181 892
818 9 2 1 1 424 304 704 827 2006 1988
819 9 2 1 1 483 330 694 2007 1984 964
820 9 2 1 1 304 530 713 936 2008 1970
821 9 2 1 1 427 287 578 1869 974 1907
822 9 2 1 1 454 321 600 2009 1137 2010
823 9 2 1 1 18 454 600 1545 2010 2011
824 9 2 1 1 430 285 724 1690 1951 2012
825 9 2 1 1 467 294 539 2013 1361 2014
826 9 2 1 1 375 573 627 1328 1901 1263
827 9 2 1 1 421 349 670 1453 1452 1851
828 9 2 1 1 463 99 725 1680 2015 1914
829 9 2 1 1 408 253 662 1168 2016 1482
830 9 2 1 1 97 464 721 1688 1910 2017
831 9 2 1 1 304 608 704 2018 2019 2006
832 9 2 1 1 219 502 612 983 2020 1892
833 9 2 1 1 100 468 725 1696 1913 2021
834 9 2 1 1 371 566 597 798 2022 2023
835 9 2 1 1 566 312 597 1526 1539 2022
836 9 2 1 1 470 108 726 1699 2024 1962
837 9 2 1 1 473 318 589 1890 882 1620
838 9 2 1 1 504 85 608 1004 1888 2025
839 9 2 1 1 293 465 564 1782 1856 2026
840 9 2 1 1 491 248 577 2027 1088 2028
841 9 2 1 1 608 416 704 1978 1955 2019
842 9 2 1 1 342 422 622 2029 1991 2030
843 9 2 1 1 292 463 565 1778 1858 2031
844 9 2 1 1 326 431 696 1661 1956 2032
845 9 2 1 1 309 594 663 2033 1380 2034
846 9 2 1 1 252 486 660 2035 2036 1311
847 9 2 1 1 488 249 575 2037 1125 2038
848 9 2 1 1 10 11 611 25 2039 1797
849 9 2 1 1 251 487 645 2040 2041 1216
850 9 2 1 1 249 476 565 1981 2042 1123
851 9 2 1 1 333 410 680 1007 2043 2044
852 9 2 1 1 423 268 559 1499 2045 2046
853 9 2 1 1 251 474 564 2047 2048 1218
854 9 2 1 1 308 438 537 1356 2049 1605
855 9 2 1 1 470 364 586 1961 1603 2050
856 9 2 1 1 474 251 542 2047 1215 1960
857 9 2 1 1 272 495 705 1540 2051 2052
858 9 2 1 1 467 186 716 1703 2053 1940
859 9 2 1 1 485 298 588 1830 2054 1820
860 9 2 1 1 350 306 570 1009 2055 2056
861 9 2 1 1 484 297 585 1825 2057 1833
862 9 2 1 1 535 230 692 2058 2059 2060
863 9 2 1 1 389 535 692 1400 2060 1502
864 9 2 1 1 303 430 724 816 2012 2061
865 9 2 1 1 290 478 689 1755 2062 1189
866 9 2 1 1 289 397 708 965 2063 2064
867 9 2 1 1 246 490 582 2065 2066 1096
868 9 2 1 1 454 19 548 1544 1719 2067
869 9 2 1 1 422 342 677 2029 2068 1367
870 9 2 1 1 351 451 542 1878 1847 1300
871 9 2 1 1 125 126 596 161 891 1919
872 9 2 1 1 523 255 636 1016 1111 1175
873 9 2 1 1 457 312 557 1537 2069 2070
874 9 2 1 1 254 457 557 2071 2070 2072
875 9 2 1 1 612 303 724 2073 2061 2074
876 9 2 1 1 536 402 650 1716 1135 2075
877 9 2 1 1 444 327 676 2076 994 2077
878 9 2 1 1 267 444 676 1188 2077 2078
879 9 2 1 1 460 299 524 1529 2079 1393
880 9 2 1 1 417 612 724 1983 2074 1950
881 9 2 1 1 302 476 551 1742 1982 1998
882 9 2 1 1 458 305 606 1902 2080 2081
883 9 2 1 1 128 3 554 164 2003 2082
884 9 2 1 1 9 10 670 24 1852 1121
885 9 2 1 1 340 569 583 771 2083 1534
886 9 2 1 1 569 324 583 2084 1442 2083
887 9 2 1 1 56 57 667 81 1119 1836
888 9 2 1 1 453 286 533 1446 1468 1871
889 9 2 1 1 456 55 581 1527 1791 2085
890 9 2 1 1 294 467 582 2013 1928 2086
891 9 2 1 1 477 252 520 1897 1310 1933
892 9 2 1 1 359 429 489 1192 2087 1939
893 9 2 1 1 468 293 575 1783 2088 1924
894 9 2 1 1 427 267 676 1906 2078 778
895 9 2 1 1 309 516 594 1350 1864 2033
896 9 2 1 1 464 292 577 1779 2089 1925
897 9 2 1 1 500 50 719 1883 2090 1773
898 9 2 1 1 260 442 697 1560 2091 2092
899 9 2 1 1 517 386 644 1378 1714 2093
900 9 2 1 1 486 252 585 2035 1116 2094
901 9 2 1 1 360 226 718 1428 1404 1943
902 9 2 1 1 549 235 653 1552 1810 1397
903 9 2 1 1 272 446 710 2095 2096 2097
904 9 2 1 1 446 337 710 1277 1293 2096
905 9 2 1 1 511 372 709 790 1208 2098
906 9 2 1 1 319 435 596 1586 1920 1377
907 9 2 1 1 250 454 548 2099 2067 1332
908 9 2 1 1 322 493 519 1249 2100 2101
909 9 2 1 1 493 240 519 1541 1637 2100
910 9 2 1 1 487 251 588 2040 1220 2102
911 9 2 1 1 444 121 629 858 2103 2104
912 9 2 1 1 306 432 570 1517 1763 2055
913 9 2 1 1 452 313 561 1034 1205 1557
914 9 2 1 1 232 433 637 948 1013 1158
915 9 2 1 1 300 490 626 1790 2105 1808
916 9 2 1 1 472 300 611 2106 1843 2107
917 9 2 1 1 505 47 711 1931 2108 1764
918 9 2 1 1 261 402 646 1089 2109 1041
919 9 2 1 1 294 480 674 1786 2110 1385
920 9 2 1 1 302 456 581 1997 2085 1875
921 9 2 1 1 508 53 727 1938 2111 1771
922 9 2 1 1 366 382 552 1084 1256 1559
923 9 2 1 1 15 16 541 30 1288 1500
924 9 2 1 1 691 315 714 2112 2113 2114
925 9 2 1 1 590 233 688 1162 2115 2116
926 9 2 1 1 495 258 677 821 2117 2118
927 9 2 1 1 342 495 677 2119 2118 2068
928 9 2 1 1 249 488 638 2037 2120 1229
929 9 2 1 1 367 227 682 991 1532 1475
930 9 2 1 1 358 456 551 1972 1999 1317
931 9 2 1 1 497 345 574 2121 2122 2123
932 9 2 1 1 280 497 574 848 2123 1668
933 9 2 1 1 233 353 657 1408 1795 2124
934 9 2 1 1 491 302 632 1743 1800 2125
935 9 2 1 1 20 2 701 35 1299 2126
936 9 2 1 1 442 338 697 2127 1937 2091
937 9 2 1 1 499 238 641 2128 1629 2129
938 9 2 1 1 519 318 534 1635 1891 2130
939 9 2 1 1 322 519 534 2101 2130 905
940 9 2 1 1 269 449 572 940 1465 1966
941 9 2 1 1 367 374 723 1474 2131 2132
942 9 2 1 1 344 623 665 1712 1567 2133
943 9 2 1 1 428 271 481 1638 1775 1434
944 9 2 1 1 109 110 545 145 2134 2135
945 9 2 1 1 112 113 546 148 1673 2136
946 9 2 1 1 95 434 668 1406 1676 1989
947 9 2 1 1 230 460 692 1387 1944 2059
948 9 2 1 1 498 389 540 1438 1493 2137
949 9 2 1 1 242 498 540 785 2137 1923
950 9 2 1 1 330 483 553 2007 1850 762
951 9 2 1 1 408 584 620 1702 2001 1169
952 9 2 1 1 185 467 539 1704 2014 1877
953 9 2 1 1 297 470 586 1824 2050 2138
954 9 2 1 1 94 436 720 1865 2139 2140
955 9 2 1 1 437 188 671 1413 2005 1726
956 9 2 1 1 298 466 571 1829 1987 2141
957 9 2 1 1 13 14 556 28 1895 2142
958 9 2 1 1 315 567 714 1624 2143 2113
959 9 2 1 1 334 450 482 2144 1649 1294
960 9 2 1 1 179 180 654 205 805 2145
961 9 2 1 1 559 268 592 2045 2146 2147
962 9 2 1 1 439 189 717 1884 2148 2149
963 9 2 1 1 440 229 673 1994 2150 832
964 9 2 1 1 471 242 579 786 810 2151
965 9 2 1 1 356 471 579 1018 2151 1819
966 9 2 1 1 436 88 720 1707 2152 2139
967 9 2 1 1 510 173 699 1965 2153 1862
968 9 2 1 1 495 342 705 2119 2154 2051
969 9 2 1 1 544 324 568 2155 2156 2157
970 9 2 1 1 379 479 562 1466 2158 1826
971 9 2 1 1 479 273 562 857 1589 2158
972 9 2 1 1 305 514 606 1801 2159 2080
973 9 2 1 1 560 339 718 1992 1595 1403
974 9 2 1 1 121 122 629 157 2160 2103
975 9 2 1 1 317 457 607 2161 2162 1316
976 9 2 1 1 457 254 607 2071 1509 2162
977 9 2 1 1 40 452 634 1068 2163 2164
978 9 2 1 1 452 336 634 1556 2165 2163
979 9 2 1 1 216 439 717 1722 2149 2166
980 9 2 1 1 472 369 580 1760 1489 2167
981 9 2 1 1 300 472 580 2106 2167 2168
982 9 2 1 1 503 367 684 835 2169 2170
983 9 2 1 1 327 444 629 2076 2104 2171
984 9 2 1 1 329 509 584 1815 1290 1701
985 9 2 1 1 413 20 701 1842 2126 2172
986 9 2 1 1 395 492 567 1459 2173 1623
987 9 2 1 1 492 244 567 1536 2174 2173
988 9 2 1 1 474 293 564 1737 2026 2048
989 9 2 1 1 476 292 565 1745 2031 2042
990 9 2 1 1 182 183 661 208 2175 2176
991 9 2 1 1 549 282 678 1396 1839 2177
992 9 2 1 1 393 458 606 1375 2081 1617
993 9 2 1 1 448 272 710 888 2097 1037
994 9 2 1 1 17 18 600 32 2011 1000
995 9 2 1 1 446 272 705 2095 2052 2178
996 9 2 1 1 454 250 621 2099 2179 2180
997 9 2 1 1 477 298 571 1750 2141 1898
998 9 2 1 1 13 556 698 2142 1238 2181
999 9 2 1 1 425 225 685 1086 2182 2183
1000 9 2 1 1 445 282 598 1020 1835 1916
1001 9 2 1 1 256 597 618 2184 1547 1210
1002 9 2 1 1 574 345 714 2122 2185 1521
1003 9 2 1 1 515 370 557 902 2186 2187
1004 9 2 1 1 312 515 557 1525 2187 2069
1005 9 2 1 1 480 300 580 1789 2168 1905
1006 9 2 1 1 109 545 726 2135 1721 2188
1007 9 2 1 1 482 368 678 1425 2189 2004
1008 9 2 1 1 258 605 677 2190 1368 2117
1009 9 2 1 1 478 297 586 1752 2138 1935
1010 9 2 1 1 457 317 618 2161 1213 1546
1011 9 2 1 1 469 313 614 1204 1516 2191
1012 9 2 1 1 293 488 575 1739 2038 2088
1013 9 2 1 1 317 545 613 1315 2192 1366
1014 9 2 1 1 292 491 577 1746 2028 2089
1015 9 2 1 1 314 601 679 1307 1600 2193
1016 9 2 1 1 297 486 585 1754 2094 2057
1017 9 2 1 1 490 294 582 1787 2086 2066
1018 9 2 1 1 127 128 622 163 2194 1990
1019 9 2 1 1 469 256 627 2195 1264 2196
1020 9 2 1 1 320 469 627 2197 2196 1900
1021 9 2 1 1 39 40 634 64 2164 2198
1022 9 2 1 1 298 487 588 1751 2102 2054
1023 9 2 1 1 238 499 663 2128 2199 1677
1024 9 2 1 1 497 234 712 845 1272 2200
1025 9 2 1 1 345 497 712 2121 2200 2201
1026 9 2 1 1 546 320 573 1729 1899 2202
1027 9 2 1 1 256 469 614 2195 2191 2203
1028 9 2 1 1 568 324 569 2156 2084 2204
1029 9 2 1 1 11 472 611 1579 2107 2039
1030 9 2 1 1 412 538 702 1551 2205 1957
1031 9 2 1 1 165 166 635 191 1463 1046
1032 9 2 1 1 469 320 624 2197 1372 1180
1033 9 2 1 1 321 454 621 2009 2180 1633
1034 9 2 1 1 518 289 684 1347 2206 2207
1035 9 2 1 1 527 39 634 1915 2198 2208
1036 9 2 1 1 336 527 634 2209 2208 2165
1037 9 2 1 1 286 499 641 1448 2129 2210
1038 9 2 1 1 399 475 643 1457 1941 1678
1039 9 2 1 1 684 289 687 2206 2211 2212
1040 9 2 1 1 128 554 622 2082 2213 2194
1041 9 2 1 1 597 256 614 2184 2203 2214
1042 9 2 1 1 371 597 614 2023 2214 1523
1043 9 2 1 1 36 37 683 61 2215 2216
1044 9 2 1 1 4 216 717 220 2166 2217
1045 9 2 1 1 538 277 723 1550 2218 2219
1046 9 2 1 1 619 394 681 2220 1227 2221
1047 9 2 1 1 263 619 681 1564 2221 1896
1048 9 2 1 1 438 175 537 1573 1855 2049
1049 9 2 1 1 88 6 720 93 2222 2152
1050 9 2 1 1 459 182 661 1359 2176 2223
1051 9 2 1 1 554 342 622 2224 2030 2213
1052 9 2 1 1 402 257 647 1715 1860 2225
1053 9 2 1 1 266 506 679 1254 2226 1963
1054 9 2 1 1 117 350 570 1178 2056 1921
1055 9 2 1 1 288 536 650 1320 2075 1873
1056 9 2 1 1 544 230 652 1390 2227 2228
1057 9 2 1 1 305 510 703 1903 1975 2229
1058 9 2 1 1 12 13 698 27 2181 1646
1059 9 2 1 1 502 303 612 1947 2073 2020
1060 9 2 1 1 326 610 651 2230 2231 1662
1061 9 2 1 1 610 376 651 1202 2232 2231
1062 9 2 1 1 481 36 683 1183 2216 2233
1063 9 2 1 1 58 59 713 83 2234 2235
1064 9 2 1 1 47 48 711 72 1823 2108
1065 9 2 1 1 7 8 715 22 2236 2237
1066 9 2 1 1 50 51 719 75 1880 2090
1067 9 2 1 1 53 54 727 78 1974 2111
1068 9 2 1 1 325 544 568 1648 2157 2238
1069 9 2 1 1 490 246 626 2065 938 2105
1070 9 2 1 1 304 504 608 1969 2025 2018
1071 9 2 1 1 521 296 563 2239 1485 1841
1072 9 2 1 1 46 505 593 1932 1859 1926
1073 9 2 1 1 326 459 661 2240 2223 2241
1074 9 2 1 1 248 491 632 2027 2125 897
1075 9 2 1 1 488 301 638 1741 1848 2120
1076 9 2 1 1 308 390 653 1604 1063 1809
1077 9 2 1 1 6 94 720 129 2140 2222
1078 9 2 1 1 96 97 721 132 2017 1554
1079 9 2 1 1 99 100 725 135 2021 2015
1080 9 2 1 1 108 109 726 144 2188 2024
1081 9 2 1 1 259 509 655 1370 1816 2242
1082 9 2 1 1 173 174 699 199 1882 2153
1083 9 2 1 1 445 179 654 1867 2145 1886
1084 9 2 1 1 429 274 489 1945 2243 2087
1085 9 2 1 1 186 187 716 212 1581 2053
1086 9 2 1 1 189 4 717 215 2217 2148
1087 9 2 1 1 455 333 680 2244 2044 2245
1088 9 2 1 1 487 291 645 1748 1918 2041
1089 9 2 1 1 271 413 701 1382 2172 1776
1090 9 2 1 1 459 326 696 2240 2032 1112
1091 9 2 1 1 532 264 604 1247 1044 2246
1092 9 2 1 1 523 286 641 968 2210 2247
1093 9 2 1 1 411 489 666 1470 2248 2249
1094 9 2 1 1 333 455 615 2244 2250 1054
1095 9 2 1 1 480 247 674 1904 2251 2110
1096 9 2 1 1 283 423 559 2252 2046 1114
1097 9 2 1 1 486 290 660 1756 1806 2036
1098 9 2 1 1 557 370 689 2186 1190 2253
1099 9 2 1 1 254 557 689 2072 2253 2254
1100 9 2 1 1 478 254 689 1934 2254 2062
1101 9 2 1 1 547 316 644 1731 2255 2256
1102 9 2 1 1 514 262 606 793 1618 2159
1103 9 2 1 1 230 535 652 2058 2257 2227
1104 9 2 1 1 425 311 526 2258 2259 1653
1105 9 2 1 1 373 527 633 1194 2260 1666
1106 9 2 1 1 527 336 633 2209 2261 2260
1107 9 2 1 1 229 496 673 1575 2262 2150
1108 9 2 1 1 112 546 573 2136 2202 1930
1109 9 2 1 1 122 529 629 1958 2263 2160
1110 9 2 1 1 538 253 702 1059 1139 2205
1111 9 2 1 1 532 237 631 2264 2265 1730
1112 9 2 1 1 316 517 644 1490 2093 2255
1113 9 2 1 1 529 327 629 1817 2171 2263
1114 9 2 1 1 496 322 673 1250 906 2262
1115 9 2 1 1 225 680 685 2266 2267 2182
1116 9 2 1 1 499 309 663 1449 2034 2199
1117 9 2 1 1 373 411 666 1665 2249 2268
1118 9 2 1 1 239 559 592 830 2147 1626
1119 9 2 1 1 450 334 642 2144 2269 2270
1120 9 2 1 1 237 601 631 1478 2271 2265
1121 9 2 1 1 601 377 631 1306 1236 2271
1122 9 2 1 1 296 521 623 2239 1759 1814
1123 9 2 1 1 535 400 652 1480 1698 2257
1124 9 2 1 1 379 648 672 2272 2273 1467
1125 9 2 1 1 253 591 662 1607 2274 2016
1126 9 2 1 1 237 532 604 2264 2246 950
1127 9 2 1 1 324 544 652 2155 2228 1697
1128 9 2 1 1 432 590 595 1518 2275 2276
1129 9 2 1 1 277 518 723 1346 2277 2218
1130 9 2 1 1 455 260 615 1513 2278 2250
1131 9 2 1 1 390 177 598 1488 1976 1834
1132 9 2 1 1 235 503 687 978 2279 2280
1133 9 2 1 1 648 332 672 776 1281 2273
1134 9 2 1 1 450 398 697 2281 2282 1936
1135 9 2 1 1 245 494 706 1092 1767 2283
1136 9 2 1 1 545 110 613 2134 1964 2192
1137 9 2 1 1 354 523 641 1017 2247 1876
1138 9 2 1 1 506 314 679 1609 2193 2226
1139 9 2 1 1 229 576 664 1996 2284 2285
1140 9 2 1 1 576 344 664 800 2286 2284
1141 9 2 1 1 680 410 685 2043 1355 2267
1142 9 2 1 1 183 610 661 1524 2287 2175
1143 9 2 1 1 241 366 658 1082 2288 1341
1144 9 2 1 1 261 568 569 2289 2204 1090
1145 9 2 1 1 423 590 688 2290 2116 1444
1146 9 2 1 1 336 592 633 1412 2291 2261
1147 9 2 1 1 592 268 633 2146 1792 2291
1148 9 2 1 1 502 7 715 981 2237 1948
1149 9 2 1 1 591 442 662 2292 1483 2274
1150 9 2 1 1 59 504 713 1006 1971 2234
1151 9 2 1 1 524 299 625 2079 868 1233
1152 9 2 1 1 276 560 657 1993 2293 1794
1153 9 2 1 1 365 511 709 1418 2098 2294
1154 9 2 1 1 423 283 590 2252 2295 2290
1155 9 2 1 1 368 549 678 1553 2177 2189
1156 9 2 1 1 554 446 705 2002 2178 2296
1157 9 2 1 1 115 432 595 1766 2276 1979
1158 9 2 1 1 338 442 591 2127 2292 2297
1159 9 2 1 1 335 555 669 1804 2298 952
1160 9 2 1 1 555 245 669 1952 2299 2298
1161 9 2 1 1 553 259 655 1849 2242 2300
1162 9 2 1 1 397 669 707 997 2301 2302
1163 9 2 1 1 669 245 707 2299 2303 2301
1164 9 2 1 1 274 481 683 1946 2233 2304
1165 9 2 1 1 385 675 693 2305 2306 1173
1166 9 2 1 1 225 455 680 1959 2245 2266
1167 9 2 1 1 394 619 691 2220 2307 2308
1168 9 2 1 1 619 315 691 1568 2112 2307
1169 9 2 1 1 379 605 648 1828 2309 2272
1170 9 2 1 1 385 620 675 1095 2310 2305
1171 9 2 1 1 236 547 644 1977 2256 1713
1172 9 2 1 1 232 589 709 1621 2311 1207
1173 9 2 1 1 589 365 709 764 2294 2311
1174 9 2 1 1 345 691 714 2312 2114 2185
1175 9 2 1 1 609 373 666 1127 2268 2313
1176 9 2 1 1 398 450 642 2281 2270 2314
1177 9 2 1 1 250 398 642 1654 2314 2315
1178 9 2 1 1 530 58 713 1251 2235 2008
1179 9 2 1 1 605 258 648 2190 774 2309
1180 9 2 1 1 8 531 715 1241 1986 2236
1181 9 2 1 1 325 568 602 2238 2316 2317
1182 9 2 1 1 503 684 687 2170 2212 2279
1183 9 2 1 1 489 274 666 2243 2318 2248
1184 9 2 1 1 591 374 682 1606 1476 2319
1185 9 2 1 1 526 311 658 2259 1297 2320
1186 9 2 1 1 675 363 693 998 2321 2306
1187 9 2 1 1 518 367 723 2322 2132 2277
1188 9 2 1 1 325 602 649 2317 2323 1844
1189 9 2 1 1 37 609 683 1562 2324 2215
1190 9 2 1 1 560 323 657 1146 2325 2293
1191 9 2 1 1 555 305 703 1802 2229 1953
1192 9 2 1 1 620 270 675 2000 746 2310
1193 9 2 1 1 415 235 687 1025 2280 2326
1194 9 2 1 1 274 609 666 2327 2313 2318
1195 9 2 1 1 615 260 697 2278 2092 2328
1196 9 2 1 1 342 554 705 2224 2296 2154
1197 9 2 1 1 366 526 658 1558 2320 2288
1198 9 2 1 1 646 402 647 2109 2225 2329
1199 9 2 1 1 610 326 661 2230 2241 2287
1200 9 2 1 1 394 691 712 2308 2330 1267
1201 9 2 1 1 691 345 712 2312 2201 2330
1202 9 2 1 1 567 244 714 2174 1522 2143
1203 9 2 1 1 609 274 683 2327 2304 2324
1204 9 2 1 1 664 344 665 2286 2133 2331
1205 9 2 1 1 363 664 665 2332 2331 2333
1206 9 2 1 1 114 595 686 1980 2334 1598
1207 9 2 1 1 374 538 723 1060 2219 2131
1208 9 2 1 1 568 261 602 2289 1040 2316
1209 9 2 1 1 397 707 708 2302 2335 2063
1210 9 2 1 1 247 651 674 1660 2336 2251
1211 9 2 1 1 651 376 674 2232 1386 2336
1212 9 2 1 1 311 425 685 2258 2183 1354
1213 9 2 1 1 276 550 649 1840 1845 1670
1214 9 2 1 1 331 553 655 763 2300 927
1215 9 2 1 1 602 339 649 1273 1671 2323
1216 9 2 1 1 590 283 595 2295 2337 2275
1217 9 2 1 1 363 665 693 2333 2338 2321
1218 9 2 1 1 229 664 700 2285 2339 1576
1219 9 2 1 1 665 265 693 1566 1171 2338
1220 9 2 1 1 245 706 707 2283 2340 2303
1221 9 2 1 1 621 250 642 2179 2315 2341
1222 9 2 1 1 664 363 700 2332 999 2339
1223 9 2 1 1 657 323 688 2325 1445 2342
1224 9 2 1 1 687 289 708 2211 2064 2343
1225 9 2 1 1 334 621 642 1634 2341 2269
1226 9 2 1 1 415 687 708 2326 2343 2344
1227 9 2 1 1 338 591 682 2297 2319 1420
1228 9 2 1 1 595 283 686 2337 1650 2334
1229 9 2 1 1 367 518 684 2322 2207 2169
1230 9 2 1 1 707 415 708 2345 2344 2335
1231 9 2 1 1 233 657 688 2124 2342 2115
1232 9 2 1 1 706 415 707 1275 2345 2340
1233 9 2 1 1 398 615 697 1055 2328 2282
1234 9 2 1 1 360 646 647 1942 2329 944
$EndElements
